"SUBS_KEY";"TARGET"
"6";"0"
"13";"1"
"20";"1"
"75";"1"
"84";"1"
"85";"1"
"100";"0"
"101";"0"
"128";"0"
"138";"0"
"147";"0"
"161";"1"
"169";"1"
"172";"0"
"184";"0"
"193";"0"
"276";"1"
"297";"0"
"365";"1"
"376";"1"
"386";"1"
"412";"0"
"415";"0"
"433";"0"
"493";"1"
"511";"0"
"520";"0"
"531";"1"
"533";"0"
"540";"1"
"555";"0"
"572";"0"
"576";"0"
"595";"0"
"600";"1"
"601";"0"
"632";"0"
"665";"1"
"670";"1"
"676";"1"
"723";"1"
"724";"0"
"746";"0"
"754";"1"
"757";"0"
"765";"0"
"771";"1"
"776";"0"
"784";"0"
"789";"0"
"790";"0"
"819";"0"
"821";"1"
"823";"0"
"827";"1"
"841";"0"
"851";"0"
"891";"1"
"899";"1"
"942";"0"
"961";"0"
"967";"0"
"985";"0"
"1048";"0"
"1058";"0"
"1061";"1"
"1066";"0"
"1070";"1"
"1094";"1"
"1123";"0"
"1156";"1"
"1158";"0"
"1173";"0"
"1186";"0"
"1196";"1"
"1211";"1"
"1216";"1"
"1218";"0"
"1234";"1"
"1255";"0"
"1257";"1"
"1285";"0"
"1289";"0"
"1290";"1"
"1315";"1"
"1337";"1"
"1374";"0"
"1410";"0"
"1423";"0"
"1482";"1"
"1484";"0"
"1506";"1"
"1512";"1"
"1561";"0"
"1568";"1"
"1652";"0"
"1664";"1"
"1676";"0"
"1696";"0"
"1736";"0"
"1779";"0"
"1798";"1"
"1806";"0"
"1827";"0"
"1831";"0"
"1832";"0"
"1840";"0"
"1848";"0"
"1881";"1"
"1947";"0"
"2014";"1"
"2017";"1"
"2027";"1"
"2030";"0"
"2116";"0"
"2134";"0"
"2245";"1"
"2327";"0"
"2342";"0"
"2526";"0"
"2688";"1"
"2689";"1"
"2700";"1"
"2705";"0"
"2729";"1"
"2788";"0"
"2830";"1"
"2843";"0"
"2846";"0"
"2865";"1"
"2886";"1"
"2945";"1"
"2985";"1"
"2991";"0"
"2994";"0"
"3032";"0"
"3054";"1"
"3059";"0"
"3079";"1"
"3115";"0"
"3146";"1"
"3250";"0"
"3271";"1"
"3278";"0"
"3307";"1"
"3312";"0"
"3349";"1"
"3383";"0"
"3465";"1"
"3508";"0"
"3518";"0"
"3534";"1"
"3569";"1"
"3618";"1"
"3698";"1"
"3701";"1"
"3729";"0"
"3749";"1"
"3773";"1"
"3793";"1"
"3848";"0"
"3849";"0"
"3854";"0"
"3859";"0"
"3889";"0"
"3929";"0"
"3934";"0"
"3966";"0"
"4008";"0"
"4017";"1"
"4018";"0"
"4019";"0"
"4048";"1"
"4086";"1"
"4104";"0"
"4146";"0"
"4216";"1"
"4254";"1"
"4259";"0"
"4273";"0"
"4284";"0"
"4347";"0"
"4366";"0"
"4370";"0"
"4384";"0"
"4398";"1"
"4400";"1"
"4406";"0"
"4424";"0"
"4426";"0"
"4430";"0"
"4445";"0"
"4451";"0"
"4464";"0"
"4488";"0"
"4542";"1"
"4552";"0"
"4584";"0"
"4590";"0"
"4595";"1"
"4596";"0"
"4607";"1"
"4614";"1"
"4649";"1"
"4651";"0"
"4688";"0"
"4690";"0"
"4695";"0"
"4720";"0"
"4726";"1"
"4727";"0"
"4762";"0"
"4778";"1"
"4798";"0"
"4854";"0"
"4859";"0"
"4885";"0"
"4887";"0"
"4892";"0"
"4901";"1"
"4917";"0"
"4929";"1"
"4933";"0"
"4937";"1"
"4940";"0"
"4942";"0"
"4954";"1"
"4971";"1"
"4991";"1"
"5014";"0"
"5020";"0"
"5035";"1"
"5036";"1"
"5063";"0"
"5064";"0"
"5066";"1"
"5073";"0"
"5090";"0"
"5096";"0"
"5121";"0"
"5124";"0"
"5127";"0"
"5143";"0"
"5154";"0"
"5157";"0"
"5163";"0"
"5171";"0"
"5187";"1"
"5200";"1"
"5205";"0"
"5208";"0"
"5211";"0"
"5221";"0"
"5245";"0"
"5275";"0"
"5309";"0"
"5312";"0"
"5314";"1"
"5327";"0"
"5335";"1"
"5341";"0"
"5379";"0"
"5414";"1"
"5421";"0"
"5456";"0"
"5461";"0"
"5474";"0"
"5511";"1"
"5526";"0"
"5537";"0"
"5560";"0"
"5568";"1"
"5580";"0"
"5581";"0"
"5585";"0"
"5586";"0"
"5593";"0"
"5600";"1"
"5609";"0"
"5613";"0"
"5620";"0"
"5627";"0"
"5644";"0"
"5658";"0"
"5666";"1"
"5671";"0"
"5708";"1"
"5725";"0"
"5757";"0"
"5787";"0"
"5811";"0"
"5818";"0"
"5840";"1"
"5851";"0"
"5853";"0"
"5870";"0"
"5921";"0"
"5925";"0"
"5926";"0"
"5946";"0"
"5960";"0"
"5964";"0"
"5972";"1"
"5986";"0"
"6010";"1"
"6018";"0"
"6021";"1"
"6031";"0"
"6044";"1"
"6046";"0"
"6050";"0"
"6056";"0"
"6064";"1"
"6072";"0"
"6081";"1"
"6084";"0"
"6086";"0"
"6092";"0"
"6094";"0"
"6097";"0"
"6113";"0"
"6121";"0"
"6125";"1"
"6150";"0"
"6167";"0"
"6173";"0"
"6186";"0"
"6194";"0"
"6207";"0"
"6209";"1"
"6242";"0"
"6261";"1"
"6263";"0"
"6268";"0"
"6287";"0"
"6295";"0"
"6315";"0"
"6326";"0"
"6338";"0"
"6430";"1"
"6445";"0"
"6450";"0"
"6509";"0"
"6513";"0"
"6558";"0"
"6569";"0"
"6580";"0"
"6592";"0"
"6627";"1"
"6676";"0"
"6678";"0"
"6685";"0"
"6687";"0"
"6715";"0"
"6720";"0"
"6723";"0"
"6730";"0"
"6734";"0"
"6752";"1"
"6757";"0"
"6765";"0"
"6776";"0"
"6777";"0"
"6811";"0"
"6813";"0"
"6831";"0"
"6838";"1"
"6843";"0"
"6845";"1"
"6885";"0"
"6888";"0"
"6912";"0"
"6937";"0"
"6976";"0"
"6994";"0"
"7004";"1"
"7024";"0"
"7032";"0"
"7061";"0"
"7104";"0"
"7113";"1"
"7162";"0"
"7164";"0"
"7186";"0"
"7229";"0"
"7259";"0"
"7261";"0"
"7295";"0"
"7305";"1"
"7307";"0"
"7309";"0"
"7312";"0"
"7324";"0"
"7325";"1"
"7340";"0"
"7361";"0"
"7363";"0"
"7385";"0"
"7391";"1"
"7408";"0"
"7409";"0"
"7412";"0"
"7415";"0"
"7416";"0"
"7422";"1"
"7428";"0"
"7431";"1"
"7435";"0"
"7457";"0"
"7464";"0"
"7502";"0"
"7547";"0"
"7566";"0"
"7575";"1"
"7606";"0"
"7622";"0"
"7647";"0"
"7650";"0"
"7662";"0"
"7664";"0"
"7691";"0"
"7699";"0"
"7707";"1"
"7768";"0"
"7774";"0"
"7788";"0"
"7795";"0"
"7801";"0"
"7804";"0"
"7829";"0"
"7855";"0"
"7882";"0"
"7896";"1"
"7898";"0"
"7904";"0"
"7911";"0"
"7924";"0"
"7943";"0"
"7952";"0"
"7975";"0"
"7982";"0"
"7987";"0"
"7995";"0"
"8027";"0"
"8036";"1"
"8054";"0"
"8073";"1"
"8074";"0"
"8087";"1"
"8092";"0"
"8099";"0"
"8110";"1"
"8118";"1"
"8131";"0"
"8155";"0"
"8173";"0"
"8175";"0"
"8202";"0"
"8206";"1"
"8223";"0"
"8226";"0"
"8229";"0"
"8254";"1"
"8259";"0"
"8267";"0"
"8277";"1"
"8280";"0"
"8285";"0"
"8317";"0"
"8323";"0"
"8324";"0"
"8330";"0"
"8349";"1"
"8375";"1"
"8381";"0"
"8424";"1"
"8425";"0"
"8433";"0"
"8434";"0"
"8452";"1"
"8457";"0"
"8465";"0"
"8480";"0"
"8491";"1"
"8495";"0"
"8503";"0"
"8521";"0"
"8528";"1"
"8538";"0"
"8548";"0"
"8562";"0"
"8642";"1"
"8645";"0"
"8651";"0"
"8717";"0"
"8719";"0"
"8739";"0"
"8744";"0"
"8746";"0"
"8747";"0"
"8810";"0"
"8824";"1"
"8861";"0"
"8866";"0"
"8875";"0"
"8877";"0"
"8882";"0"
"8886";"0"
"8889";"0"
"8926";"0"
"8959";"0"
"8965";"0"
"8978";"0"
"8981";"0"
"9008";"1"
"9027";"1"
"9041";"0"
"9054";"0"
"9070";"0"
"9071";"1"
"9072";"0"
"9076";"1"
"9081";"0"
"9083";"0"
"9097";"0"
"9108";"0"
"9110";"0"
"9111";"0"
"9123";"0"
"9127";"0"
"9131";"1"
"9137";"0"
"9144";"0"
"9147";"1"
"9150";"0"
"9157";"0"
"9181";"0"
"9226";"0"
"9237";"0"
"9240";"1"
"9245";"0"
"9248";"0"
"9290";"0"
"9313";"1"
"9329";"0"
"9370";"0"
"9425";"0"
"9457";"0"
"9459";"0"
"9465";"0"
"9468";"0"
"9475";"0"
"9487";"0"
"9491";"1"
"9526";"0"
"9540";"0"
"9552";"0"
"9560";"0"
"9575";"1"
"9579";"0"
"9580";"0"
"9590";"1"
"9594";"0"
"9622";"1"
"9628";"0"
"9640";"0"
"9656";"0"
"9686";"0"
"9700";"1"
"9709";"0"
"9730";"0"
"9739";"0"
"9767";"0"
"9773";"0"
"9785";"0"
"9790";"0"
"9805";"1"
"9807";"0"
"9816";"1"
"9818";"1"
"9832";"0"
"9836";"0"
"9848";"0"
"9862";"0"
"9868";"0"
"9878";"0"
"9895";"1"
"9897";"1"
"9898";"0"
"9899";"0"
"9904";"1"
"9907";"0"
"9993";"0"
"10010";"0"
"10020";"0"
"10027";"0"
"10034";"0"
"10064";"0"
"10069";"1"
"10152";"0"
"10157";"1"
"10165";"0"
"10189";"0"
"10192";"0"
"10214";"0"
"10220";"0"
"10221";"1"
"10235";"0"
"10242";"0"
"10251";"0"
"10269";"1"
"10286";"0"
"10291";"0"
"10298";"0"
"10308";"0"
"10309";"0"
"10318";"0"
"10403";"0"
"10413";"1"
"10415";"0"
"10429";"0"
"10434";"0"
"10463";"0"
"10474";"1"
"10481";"1"
"10510";"0"
"10513";"0"
"10522";"1"
"10525";"1"
"10528";"1"
"10543";"0"
"10561";"0"
"10568";"0"
"10574";"0"
"10575";"0"
"10581";"0"
"10584";"0"
"10586";"0"
"10600";"0"
"10601";"0"
"10613";"0"
"10615";"1"
"10634";"1"
"10639";"1"
"10640";"1"
"10678";"0"
"10712";"0"
"10718";"0"
"10720";"0"
"10721";"0"
"10724";"0"
"10736";"0"
"10744";"0"
"10746";"0"
"10759";"0"
"10782";"0"
"10796";"0"
"10804";"0"
"10816";"1"
"10829";"0"
"10832";"0"
"10837";"1"
"10848";"0"
"10856";"0"
"10858";"1"
"10882";"0"
"10883";"0"
"10888";"1"
"10913";"0"
"10919";"0"
"10927";"0"
"10932";"1"
"10950";"0"
"10953";"0"
"10967";"1"
"11012";"0"
"11026";"0"
"11036";"0"
"11039";"0"
"11043";"0"
"11060";"1"
"11068";"0"
"11092";"0"
"11103";"0"
"11141";"0"
"11153";"0"
"11157";"0"
"11160";"0"
"11162";"0"
"11163";"1"
"11169";"0"
"11179";"0"
"11197";"0"
"11200";"0"
"11212";"0"
"11229";"0"
"11239";"0"
"11245";"0"
"11269";"0"
"11279";"0"
"11281";"0"
"11282";"0"
"11285";"0"
"11288";"0"
"11306";"0"
"11308";"0"
"11322";"0"
"11330";"0"
"11335";"0"
"11339";"0"
"11355";"1"
"11372";"0"
"11373";"1"
"11377";"0"
"11380";"0"
"11392";"0"
"11395";"0"
"11409";"1"
"11431";"0"
"11442";"0"
"11460";"0"
"11465";"0"
"11474";"0"
"11476";"0"
"11486";"0"
"11489";"0"
"11504";"0"
"11506";"0"
"11516";"1"
"11521";"0"
"11526";"0"
"11529";"1"
"11540";"1"
"11573";"0"
"11577";"0"
"11593";"0"
"11594";"0"
"11598";"0"
"11611";"0"
"11615";"0"
"11630";"0"
"11632";"1"
"11634";"1"
"11660";"0"
"11661";"0"
"11690";"0"
"11701";"1"
"11724";"0"
"11727";"0"
"11731";"0"
"11751";"0"
"11761";"0"
"11771";"0"
"11776";"0"
"11810";"0"
"11825";"0"
"11845";"0"
"11857";"1"
"11859";"1"
"11860";"1"
"11862";"0"
"11866";"0"
"11924";"0"
"11930";"0"
"11931";"0"
"11940";"0"
"11942";"1"
"11949";"0"
"11951";"0"
"11973";"0"
"11986";"0"
"12007";"0"
"12032";"0"
"12034";"0"
"12047";"0"
"12054";"0"
"12063";"0"
"12100";"0"
"12123";"0"
"12124";"1"
"12125";"0"
"12146";"1"
"12153";"0"
"12184";"0"
"12194";"0"
"12204";"0"
"12210";"0"
"12263";"1"
"12288";"0"
"12298";"0"
"12302";"0"
"12314";"0"
"12335";"1"
"12349";"0"
"12375";"1"
"12438";"0"
"12439";"0"
"12445";"1"
"12446";"1"
"12455";"0"
"12459";"1"
"12499";"1"
"12533";"0"
"12535";"0"
"12539";"0"
"12540";"0"
"12541";"0"
"12549";"0"
"12572";"1"
"12594";"0"
"12619";"0"
"12624";"0"
"12628";"0"
"12631";"0"
"12640";"0"
"12650";"0"
"12679";"1"
"12707";"0"
"12742";"0"
"12752";"0"
"12770";"1"
"12779";"0"
"12784";"1"
"12792";"0"
"12831";"0"
"12839";"0"
"12871";"1"
"12887";"0"
"12898";"1"
"12916";"1"
"12921";"0"
"12926";"0"
"12927";"0"
"12930";"0"
"12945";"0"
"12973";"1"
"12975";"0"
"12983";"1"
"13029";"0"
"13043";"0"
"13070";"0"
"13072";"0"
"13074";"0"
"13097";"1"
"13102";"0"
"13124";"0"
"13135";"0"
"13142";"0"
"13148";"0"
"13164";"0"
"13167";"1"
"13171";"0"
"13172";"0"
"13188";"1"
"13209";"0"
"13216";"0"
"13221";"0"
"13230";"0"
"13250";"0"
"13271";"0"
"13282";"0"
"13296";"0"
"13313";"1"
"13318";"0"
"13324";"0"
"13333";"0"
"13339";"0"
"13343";"1"
"13353";"1"
"13369";"0"
"13390";"0"
"13398";"0"
"13404";"0"
"13418";"0"
"13431";"0"
"13439";"0"
"13447";"0"
"13449";"0"
"13450";"0"
"13464";"0"
"13498";"0"
"13510";"0"
"13522";"0"
"13531";"0"
"13539";"0"
"13549";"0"
"13567";"0"
"13570";"1"
"13575";"0"
"13585";"0"
"13601";"0"
"13633";"0"
"13639";"0"
"13642";"0"
"13648";"0"
"13652";"0"
"13657";"0"
"13662";"0"
"13690";"1"
"13714";"0"
"13745";"0"
"13746";"0"
"13751";"0"
"13781";"0"
"13787";"0"
"13802";"0"
"13806";"0"
"13823";"0"
"13841";"0"
"13855";"0"
"13859";"1"
"13885";"0"
"13909";"0"
"13916";"0"
"13925";"0"
"13950";"0"
"13965";"0"
"13971";"0"
"14000";"0"
"14004";"1"
"14006";"0"
"14020";"0"
"14025";"0"
"14029";"0"
"14038";"1"
"14042";"1"
"14069";"0"
"14075";"0"
"14078";"0"
"14103";"0"
"14106";"1"
"14128";"1"
"14132";"1"
"14158";"0"
"14165";"0"
"14186";"0"
"14199";"0"
"14209";"0"
"14215";"0"
"14245";"0"
"14246";"0"
"14254";"1"
"14261";"0"
"14266";"1"
"14290";"0"
"14306";"0"
"14312";"0"
"14330";"1"
"14354";"0"
"14357";"1"
"14361";"1"
"14370";"0"
"14378";"0"
"14421";"0"
"14430";"0"
"14453";"0"
"14463";"0"
"14481";"0"
"14496";"0"
"14501";"0"
"14517";"1"
"14530";"0"
"14537";"1"
"14561";"0"
"14564";"0"
"14567";"0"
"14595";"0"
"14598";"1"
"14599";"0"
"14604";"1"
"14622";"1"
"14639";"0"
"14641";"0"
"14646";"1"
"14647";"0"
"14659";"0"
"14661";"0"
"14662";"0"
"14664";"0"
"14668";"0"
"14690";"0"
"14694";"0"
"14706";"0"
"14708";"0"
"14713";"1"
"14729";"1"
"14749";"1"
"14753";"0"
"14755";"0"
"14756";"0"
"14764";"0"
"14781";"0"
"14803";"0"
"14822";"0"
"14837";"1"
"14841";"0"
"14848";"0"
"14858";"0"
"14870";"0"
"14886";"0"
"14909";"0"
"14912";"0"
"14918";"0"
"14963";"0"
"14972";"1"
"14983";"0"
"14999";"0"
"15016";"0"
"15029";"0"
"15048";"0"
"15061";"0"
"15064";"0"
"15067";"0"
"15068";"0"
"15083";"0"
"15085";"0"
"15096";"1"
"15110";"1"
"15161";"0"
"15190";"1"
"15192";"0"
"15207";"0"
"15210";"0"
"15227";"0"
"15234";"1"
"15243";"1"
"15247";"1"
"15260";"1"
"15279";"0"
"15280";"0"
"15284";"1"
"15290";"0"
"15316";"0"
"15355";"1"
"15377";"0"
"15389";"0"
"15393";"0"
"15419";"0"
"15421";"1"
"15426";"0"
"15427";"1"
"15429";"0"
"15438";"1"
"15440";"0"
"15458";"0"
"15465";"1"
"15491";"0"
"15504";"0"
"15508";"0"
"15516";"0"
"15521";"0"
"15547";"0"
"15550";"0"
"15564";"0"
"15611";"0"
"15629";"0"
"15669";"0"
"15671";"1"
"15688";"0"
"15690";"0"
"15711";"0"
"15731";"0"
"15733";"0"
"15736";"0"
"15739";"0"
"15749";"0"
"15762";"1"
"15785";"0"
"15824";"0"
"15826";"0"
"15827";"0"
"15843";"1"
"15897";"0"
"15904";"0"
"15915";"0"
"15939";"1"
"15943";"1"
"15969";"0"
"15982";"0"
"15996";"0"
"15997";"0"
"16002";"0"
"16013";"0"
"16014";"0"
"16021";"1"
"16024";"0"
"16026";"0"
"16031";"0"
"16032";"0"
"16070";"0"
"16095";"0"
"16099";"0"
"16101";"0"
"16116";"1"
"16121";"1"
"16131";"0"
"16140";"0"
"16144";"0"
"16147";"0"
"16151";"0"
"16165";"0"
"16187";"0"
"16192";"0"
"16204";"0"
"16211";"0"
"16219";"0"
"16228";"0"
"16245";"0"
"16249";"0"
"16260";"0"
"16265";"0"
"16282";"0"
"16309";"0"
"16311";"0"
"16360";"0"
"16363";"1"
"16372";"0"
"16401";"0"
"16404";"0"
"16415";"0"
"16421";"0"
"16432";"1"
"16456";"0"
"16485";"0"
"16493";"0"
"16553";"0"
"16567";"1"
"16570";"0"
"16621";"0"
"16631";"0"
"16636";"0"
"16638";"0"
"16650";"0"
"16664";"1"
"16686";"0"
"16758";"0"
"16767";"0"
"16772";"0"
"16778";"0"
"16801";"0"
"16805";"0"
"16806";"0"
"16838";"0"
"16884";"0"
"16906";"1"
"16949";"0"
"16952";"0"
"16956";"1"
"16957";"0"
"16966";"1"
"16971";"0"
"16976";"0"
"16982";"0"
"16985";"0"
"16986";"0"
"17002";"0"
"17019";"0"
"17026";"0"
"17033";"0"
"17039";"1"
"17040";"0"
"17056";"1"
"17073";"1"
"17081";"1"
"17110";"0"
"17111";"0"
"17112";"0"
"17124";"0"
"17147";"0"
"17159";"0"
"17162";"1"
"17178";"0"
"17184";"1"
"17186";"0"
"17193";"1"
"17195";"1"
"17198";"0"
"17201";"0"
"17216";"0"
"17223";"0"
"17232";"0"
"17241";"0"
"17242";"0"
"17249";"1"
"17251";"0"
"17255";"0"
"17256";"1"
"17288";"0"
"17349";"0"
"17350";"0"
"17369";"0"
"17380";"0"
"17386";"0"
"17389";"0"
"17391";"0"
"17399";"0"
"17417";"0"
"17443";"0"
"17450";"0"
"17451";"0"
"17516";"0"
"17521";"0"
"17529";"0"
"17544";"0"
"17560";"1"
"17564";"0"
"17570";"0"
"17575";"0"
"17576";"0"
"17584";"0"
"17607";"0"
"17619";"0"
"17650";"0"
"17665";"0"
"17676";"0"
"17694";"1"
"17700";"0"
"17708";"0"
"17727";"0"
"17734";"0"
"17770";"1"
"17785";"0"
"17790";"0"
"17796";"0"
"17812";"1"
"17815";"1"
"17818";"0"
"17828";"0"
"17830";"0"
"17838";"0"
"17839";"0"
"17849";"0"
"17874";"0"
"17882";"1"
"17889";"0"
"17891";"0"
"17904";"0"
"17910";"0"
"17917";"0"
"17930";"0"
"17958";"1"
"17967";"0"
"17976";"0"
"17986";"0"
"17998";"0"
"18003";"0"
"18006";"0"
"18016";"0"
"18029";"1"
"18040";"1"
"18042";"0"
"18043";"0"
"18058";"0"
"18064";"0"
"18069";"0"
"18080";"0"
"18084";"0"
"18089";"0"
"18094";"0"
"18109";"0"
"18119";"0"
"18143";"0"
"18151";"1"
"18158";"0"
"18162";"1"
"18180";"0"
"18182";"0"
"18184";"1"
"18185";"0"
"18198";"0"
"18199";"0"
"18221";"1"
"18225";"0"
"18231";"0"
"18244";"1"
"18247";"0"
"18300";"0"
"18304";"0"
"18305";"1"
"18307";"1"
"18318";"0"
"18333";"0"
"18346";"0"
"18379";"0"
"18383";"0"
"18390";"0"
"18397";"0"
"18408";"0"
"18421";"0"
"18430";"0"
"18458";"0"
"18476";"0"
"18493";"0"
"18505";"0"
"18521";"1"
"18531";"0"
"18532";"1"
"18550";"0"
"18580";"0"
"18589";"0"
"18594";"0"
"18609";"0"
"18630";"0"
"18644";"1"
"18656";"0"
"18686";"0"
"18733";"0"
"18747";"0"
"18787";"0"
"18790";"0"
"18799";"0"
"18818";"0"
"18823";"0"
"18838";"0"
"18852";"0"
"18928";"1"
"18938";"0"
"18952";"0"
"18963";"0"
"18967";"0"
"18973";"1"
"19010";"0"
"19015";"0"
"19025";"1"
"19028";"0"
"19035";"0"
"19042";"1"
"19044";"0"
"19063";"0"
"19086";"0"
"19100";"0"
"19135";"1"
"19148";"0"
"19180";"0"
"19201";"0"
"19224";"0"
"19229";"0"
"19271";"0"
"19294";"0"
"19297";"0"
"19318";"1"
"19343";"1"
"19348";"0"
"19359";"1"
"19385";"0"
"19393";"0"
"19434";"0"
"19447";"0"
"19448";"0"
"19449";"0"
"19465";"1"
"19478";"1"
"19484";"0"
"19528";"0"
"19551";"0"
"19566";"0"
"19573";"0"
"19582";"0"
"19611";"1"
"19613";"0"
"19615";"0"
"19630";"0"
"19632";"0"
"19634";"1"
"19665";"0"
"19684";"0"
"19691";"0"
"19698";"0"
"19706";"0"
"19717";"1"
"19720";"0"
"19750";"0"
"19756";"1"
"19767";"1"
"19769";"0"
"19772";"0"
"19790";"1"
"19798";"0"
"19800";"0"
"19818";"0"
"19853";"0"
"19858";"0"
"19859";"0"
"19865";"0"
"19874";"0"
"19887";"0"
"19903";"0"
"19913";"0"
"19915";"0"
"19918";"1"
"19944";"1"
"19948";"0"
"19983";"0"
"19992";"0"
"20005";"0"
"20015";"0"
"20034";"0"
"20038";"1"
"20040";"1"
"20063";"0"
"20070";"0"
"20079";"0"
"20092";"0"
"20133";"0"
"20134";"0"
"20140";"0"
"20146";"0"
"20159";"0"
"20163";"1"
"20167";"0"
"20168";"0"
"20227";"1"
"20243";"0"
"20254";"0"
"20294";"0"
"20367";"1"
"20371";"0"
"20398";"0"
"20410";"0"
"20412";"0"
"20447";"0"
"20474";"0"
"20509";"0"
"20519";"0"
"20572";"0"
"20586";"0"
"20592";"0"
"20621";"0"
"20622";"1"
"20623";"0"
"20632";"0"
"20651";"0"
"20652";"0"
"20662";"0"
"20667";"0"
"20675";"0"
"20684";"1"
"20691";"1"
"20696";"0"
"20716";"0"
"20721";"0"
"20725";"0"
"20726";"0"
"20730";"0"
"20736";"0"
"20760";"0"
"20767";"1"
"20771";"0"
"20811";"0"
"20829";"0"
"20842";"0"
"20845";"0"
"20864";"0"
"20867";"0"
"20868";"1"
"20890";"0"
"20913";"0"
"20925";"0"
"20928";"0"
"20933";"1"
"20934";"0"
"20959";"0"
"20971";"0"
"21003";"0"
"21015";"0"
"21050";"0"
"21052";"0"
"21067";"0"
"21091";"0"
"21100";"1"
"21106";"0"
"21122";"0"
"21134";"0"
"21142";"0"
"21155";"1"
"21172";"0"
"21182";"0"
"21183";"0"
"21200";"0"
"21212";"0"
"21228";"1"
"21240";"0"
"21268";"0"
"21273";"0"
"21294";"0"
"21303";"0"
"21307";"1"
"21312";"0"
"21318";"0"
"21348";"0"
"21351";"1"
"21370";"0"
"21381";"1"
"21389";"0"
"21390";"1"
"21404";"0"
"21410";"1"
"21419";"1"
"21439";"0"
"21440";"0"
"21452";"1"
"21453";"0"
"21461";"0"
"21471";"0"
"21484";"1"
"21486";"0"
"21493";"0"
"21496";"0"
"21499";"0"
"21510";"0"
"21517";"0"
"21518";"0"
"21522";"0"
"21523";"0"
"21525";"1"
"21539";"0"
"21564";"0"
"21569";"0"
"21570";"0"
"21574";"0"
"21577";"0"
"21579";"0"
"21582";"0"
"21591";"0"
"21627";"0"
"21633";"1"
"21641";"0"
"21647";"0"
"21670";"0"
"21673";"0"
"21702";"1"
"21740";"0"
"21753";"0"
"21758";"0"
"21775";"0"
"21781";"1"
"21797";"0"
"21809";"0"
"21814";"0"
"21817";"0"
"21818";"1"
"21828";"0"
"21829";"0"
"21837";"0"
"21898";"0"
"21915";"0"
"21920";"0"
"21922";"0"
"21927";"0"
"21994";"0"
"21998";"0"
"22002";"0"
"22011";"1"
"22017";"0"
"22021";"0"
"22023";"1"
"22054";"0"
"22059";"0"
"22066";"0"
"22078";"1"
"22082";"0"
"22117";"0"
"22141";"0"
"22145";"0"
"22146";"0"
"22158";"0"
"22166";"0"
"22174";"1"
"22190";"0"
"22202";"1"
"22217";"0"
"22218";"0"
"22251";"0"
"22262";"0"
"22287";"0"
"22290";"0"
"22312";"1"
"22350";"1"
"22391";"0"
"22394";"0"
"22406";"0"
"22409";"0"
"22410";"0"
"22416";"0"
"22421";"0"
"22431";"0"
"22458";"0"
"22484";"0"
"22499";"0"
"22500";"0"
"22506";"0"
"22515";"1"
"22526";"0"
"22546";"0"
"22548";"0"
"22607";"0"
"22662";"0"
"22671";"0"
"22672";"0"
"22705";"0"
"22706";"0"
"22721";"1"
"22764";"0"
"22772";"1"
"22775";"0"
"22792";"0"
"22797";"1"
"22798";"0"
"22807";"0"
"22829";"1"
"22844";"1"
"22852";"1"
"22854";"0"
"22855";"0"
"22856";"0"
"22858";"0"
"22861";"0"
"22880";"0"
"22885";"1"
"22907";"0"
"22932";"0"
"22958";"1"
"22980";"0"
"22987";"1"
"23001";"0"
"23020";"1"
"23027";"0"
"23031";"1"
"23032";"0"
"23038";"0"
"23045";"0"
"23049";"0"
"23121";"0"
"23122";"0"
"23143";"0"
"23151";"1"
"23163";"0"
"23183";"0"
"23185";"1"
"23206";"0"
"23209";"0"
"23241";"0"
"23245";"0"
"23249";"0"
"23256";"1"
"23265";"0"
"23271";"0"
"23276";"0"
"23283";"0"
"23287";"0"
"23322";"1"
"23348";"0"
"23362";"0"
"23366";"0"
"23378";"1"
"23380";"0"
"23382";"0"
"23398";"0"
"23403";"0"
"23419";"0"
"23421";"0"
"23437";"0"
"23445";"0"
"23454";"0"
"23460";"0"
"23464";"0"
"23467";"0"
"23499";"0"
"23504";"0"
"23506";"0"
"23533";"1"
"23583";"0"
"23588";"0"
"23590";"1"
"23631";"1"
"23649";"1"
"23652";"0"
"23657";"0"
"23667";"0"
"23670";"0"
"23691";"0"
"23699";"0"
"23705";"0"
"23715";"0"
"23737";"0"
"23739";"0"
"23759";"0"
"23797";"1"
"23800";"0"
"23809";"0"
"23831";"1"
"23840";"0"
"23867";"0"
"23870";"0"
"23884";"0"
"23902";"0"
"23905";"0"
"23906";"1"
"23911";"0"
"23929";"0"
"23932";"0"
"23939";"0"
"23942";"1"
"23949";"1"
"23953";"0"
"23969";"1"
"23982";"0"
"23992";"0"
"23997";"1"
"24016";"0"
"24021";"0"
"24030";"1"
"24032";"0"
"24037";"0"
"24048";"1"
"24050";"0"
"24054";"0"
"24072";"0"
"24088";"0"
"24144";"1"
"24156";"0"
"24167";"0"
"24176";"1"
"24184";"0"
"24198";"0"
"24208";"0"
"24216";"0"
"24241";"0"
"24265";"0"
"24284";"1"
"24337";"0"
"24361";"0"
"24369";"1"
"24383";"0"
"24403";"0"
"24491";"0"
"24500";"0"
"24503";"0"
"24513";"0"
"24524";"0"
"24533";"0"
"24586";"0"
"24589";"0"
"24590";"0"
"24614";"0"
"24623";"0"
"24631";"0"
"24668";"0"
"24672";"0"
"24681";"1"
"24685";"0"
"24689";"0"
"24719";"0"
"24725";"0"
"24728";"0"
"24732";"1"
"24735";"0"
"24750";"0"
"24770";"0"
"24783";"0"
"24810";"0"
"24817";"0"
"24820";"0"
"24834";"0"
"24836";"0"
"24838";"0"
"24845";"0"
"24852";"1"
"24858";"0"
"24874";"0"
"24887";"0"
"24915";"1"
"24939";"0"
"24943";"0"
"24963";"0"
"24969";"0"
"24983";"0"
"25066";"1"
"25083";"0"
"25089";"0"
"25094";"0"
"25102";"1"
"25110";"0"
"25123";"0"
"25131";"0"
"25138";"0"
"25151";"0"
"25155";"0"
"25162";"1"
"25166";"0"
"25174";"0"
"25176";"0"
"25183";"0"
"25209";"0"
"25215";"0"
"25220";"0"
"25228";"0"
"25256";"0"
"25258";"0"
"25281";"0"
"25308";"1"
"25310";"0"
"25316";"1"
"25320";"1"
"25337";"1"
"25344";"1"
"25346";"0"
"25384";"0"
"25404";"1"
"25438";"0"
"25459";"0"
"25470";"0"
"25499";"0"
"25500";"0"
"25518";"0"
"25523";"0"
"25528";"0"
"25534";"1"
"25538";"1"
"25544";"0"
"25549";"0"
"25562";"0"
"25581";"0"
"25585";"0"
"25588";"0"
"25602";"0"
"25609";"0"
"25610";"0"
"25623";"0"
"25625";"0"
"25632";"1"
"25634";"0"
"25662";"0"
"25679";"1"
"25692";"0"
"25693";"1"
"25728";"0"
"25749";"0"
"25778";"1"
"25786";"0"
"25864";"0"
"25877";"0"
"25886";"1"
"25888";"0"
"25915";"1"
"25927";"0"
"25973";"1"
"25977";"1"
"25994";"0"
"26004";"0"
"26014";"0"
"26015";"0"
"26043";"0"
"26065";"0"
"26071";"0"
"26100";"0"
"26101";"0"
"26122";"0"
"26131";"0"
"26134";"0"
"26139";"0"
"26160";"1"
"26229";"0"
"26233";"0"
"26247";"0"
"26252";"0"
"26257";"0"
"26295";"0"
"26306";"1"
"26313";"1"
"26328";"1"
"26331";"0"
"26336";"1"
"26342";"0"
"26349";"0"
"26352";"1"
"26366";"0"
"26367";"1"
"26397";"0"
"26406";"0"
"26412";"0"
"26413";"0"
"26424";"0"
"26434";"0"
"26461";"0"
"26462";"0"
"26463";"1"
"26468";"0"
"26470";"0"
"26483";"0"
"26486";"0"
"26500";"0"
"26512";"0"
"26513";"0"
"26525";"0"
"26547";"0"
"26556";"1"
"26569";"0"
"26579";"1"
"26595";"0"
"26603";"0"
"26639";"0"
"26666";"0"
"26670";"0"
"26709";"0"
"26716";"0"
"26734";"0"
"26743";"0"
"26779";"0"
"26784";"0"
"26810";"1"
"26815";"0"
"26827";"0"
"26828";"1"
"26839";"1"
"26846";"0"
"26853";"0"
"26878";"0"
"26886";"1"
"26899";"0"
"26919";"0"
"26938";"0"
"26942";"0"
"26967";"0"
"26989";"0"
"26990";"1"
"27004";"0"
"27012";"0"
"27014";"1"
"27022";"0"
"27045";"0"
"27062";"0"
"27067";"0"
"27120";"1"
"27175";"0"
"27178";"0"
"27187";"0"
"27191";"0"
"27198";"0"
"27202";"0"
"27211";"0"
"27223";"0"
"27229";"0"
"27239";"0"
"27305";"0"
"27308";"0"
"27325";"0"
"27402";"1"
"27414";"0"
"27418";"0"
"27419";"0"
"27433";"1"
"27435";"0"
"27445";"0"
"27452";"1"
"27455";"0"
"27456";"0"
"27465";"0"
"27475";"0"
"27490";"0"
"27506";"0"
"27509";"0"
"27512";"0"
"27570";"0"
"27576";"0"
"27586";"0"
"27595";"0"
"27625";"1"
"27628";"0"
"27634";"0"
"27636";"0"
"27641";"0"
"27660";"0"
"27707";"0"
"27716";"0"
"27750";"1"
"27767";"0"
"27780";"0"
"27784";"0"
"27791";"0"
"27796";"1"
"27812";"0"
"27829";"0"
"27852";"0"
"27862";"0"
"27910";"0"
"27928";"0"
"27944";"1"
"27946";"0"
"27976";"0"
"28024";"0"
"28028";"0"
"28033";"0"
"28043";"0"
"28054";"0"
"28061";"1"
"28070";"0"
"28078";"0"
"28093";"0"
"28096";"0"
"28104";"0"
"28109";"0"
"28115";"0"
"28131";"0"
"28132";"0"
"28144";"1"
"28145";"0"
"28152";"0"
"28171";"0"
"28186";"0"
"28222";"0"
"28242";"1"
"28250";"1"
"28301";"0"
"28305";"0"
"28319";"0"
"28346";"0"
"28358";"1"
"28445";"0"
"28447";"1"
"28451";"0"
"28486";"1"
"28506";"0"
"28508";"0"
"28511";"0"
"28529";"0"
"28556";"1"
"28557";"1"
"28577";"0"
"28586";"0"
"28621";"1"
"28631";"0"
"28654";"0"
"28670";"0"
"28703";"0"
"28711";"1"
"28752";"0"
"28759";"0"
"28772";"0"
"28800";"0"
"28832";"0"
"28846";"0"
"28881";"0"
"28884";"0"
"28887";"0"
"28893";"0"
"28900";"0"
"28928";"1"
"28934";"0"
"28945";"0"
"28962";"0"
"28983";"1"
"28986";"0"
"28995";"1"
"29027";"0"
"29053";"0"
"29066";"0"
"29077";"1"
"29083";"0"
"29086";"0"
"29090";"1"
"29103";"0"
"29118";"0"
"29122";"0"
"29154";"0"
"29166";"0"
"29169";"0"
"29170";"0"
"29174";"0"
"29177";"0"
"29192";"0"
"29207";"0"
"29257";"0"
"29265";"0"
"29268";"0"
"29271";"0"
"29274";"1"
"29280";"0"
"29288";"0"
"29292";"0"
"29301";"0"
"29303";"0"
"29308";"0"
"29317";"0"
"29343";"0"
"29347";"0"
"29348";"0"
"29382";"0"
"29383";"1"
"29405";"0"
"29423";"0"
"29428";"0"
"29516";"0"
"29521";"0"
"29537";"0"
"29540";"0"
"29563";"1"
"29567";"0"
"29580";"1"
"29583";"0"
"29613";"0"
"29642";"0"
"29643";"0"
"29656";"0"
"29661";"0"
"29665";"1"
"29666";"1"
"29699";"0"
"29710";"1"
"29722";"0"
"29727";"0"
"29730";"0"
"29743";"0"
"29748";"0"
"29761";"0"
"29776";"0"
"29781";"0"
"29786";"0"
"29812";"0"
"29823";"0"
"29832";"1"
"29837";"0"
"29838";"1"
"29840";"0"
"29841";"0"
"29851";"0"
"29863";"1"
"29927";"0"
"29932";"0"
"29988";"0"
"29995";"0"
"29996";"0"
"30014";"0"
"30047";"0"
"30050";"0"
"30065";"0"
"30074";"0"
"30077";"1"
"30089";"0"
"30095";"0"
"30114";"0"
"30128";"0"
"30132";"0"
"30140";"0"
"30143";"0"
"30170";"0"
"30178";"0"
"30180";"0"
"30183";"0"
"30189";"1"
"30215";"0"
"30218";"0"
"30222";"0"
"30223";"1"
"30226";"1"
"30268";"0"
"30290";"0"
"30293";"0"
"30303";"0"
"30304";"0"
"30332";"0"
"30353";"0"
"30387";"1"
"30397";"0"
"30401";"1"
"30402";"0"
"30404";"1"
"30413";"0"
"30414";"0"
"30422";"0"
"30489";"0"
"30490";"0"
"30517";"1"
"30520";"1"
"30533";"0"
"30557";"1"
"30561";"0"
"30568";"0"
"30575";"1"
"30576";"0"
"30581";"0"
"30582";"0"
"30583";"0"
"30586";"0"
"30588";"0"
"30595";"0"
"30596";"0"
"30598";"0"
"30626";"0"
"30627";"0"
"30639";"0"
"30643";"0"
"30678";"0"
"30735";"0"
"30748";"0"
"30759";"0"
"30782";"0"
"30798";"0"
"30801";"0"
"30802";"0"
"30822";"0"
"30835";"1"
"30851";"0"
"30869";"0"
"30888";"0"
"30904";"1"
"30912";"0"
"30922";"0"
"30931";"1"
"30938";"0"
"30941";"0"
"30943";"1"
"30953";"0"
"30971";"1"
"31000";"0"
"31013";"0"
"31022";"0"
"31054";"0"
"31065";"0"
"31077";"0"
"31085";"0"
"31090";"1"
"31093";"0"
"31138";"0"
"31146";"0"
"31153";"0"
"31159";"1"
"31175";"1"
"31203";"0"
"31214";"0"
"31215";"0"
"31219";"0"
"31227";"0"
"31239";"0"
"31241";"1"
"31244";"0"
"31248";"0"
"31260";"0"
"31261";"0"
"31262";"0"
"31264";"1"
"31272";"0"
"31289";"0"
"31290";"0"
"31292";"0"
"31295";"0"
"31305";"0"
"31320";"0"
"31324";"0"
"31337";"0"
"31345";"1"
"31353";"0"
"31397";"0"
"31399";"0"
"31445";"0"
"31475";"0"
"31488";"0"
"31489";"0"
"31499";"0"
"31506";"0"
"31530";"1"
"31539";"0"
"31553";"0"
"31563";"0"
"31564";"0"
"31579";"0"
"31582";"0"
"31604";"0"
"31605";"0"
"31622";"0"
"31630";"1"
"31637";"0"
"31641";"0"
"31690";"0"
"31693";"0"
"31697";"0"
"31703";"0"
"31714";"0"
"31715";"0"
"31718";"0"
"31722";"0"
"31760";"0"
"31766";"0"
"31772";"0"
"31774";"0"
"31787";"0"
"31790";"0"
"31795";"0"
"31804";"0"
"31809";"0"
"31870";"0"
"31877";"0"
"31899";"0"
"31904";"1"
"31905";"1"
"31967";"1"
"31983";"0"
"32020";"0"
"32021";"0"
"32026";"0"
"32034";"0"
"32048";"0"
"32053";"0"
"32075";"0"
"32089";"0"
"32100";"0"
"32107";"1"
"32131";"0"
"32140";"0"
"32181";"0"
"32221";"0"
"32234";"0"
"32263";"0"
"32264";"0"
"32280";"0"
"32281";"0"
"32284";"0"
"32296";"0"
"32304";"1"
"32318";"1"
"32322";"1"
"32345";"1"
"32356";"0"
"32371";"0"
"32414";"0"
"32422";"0"
"32423";"0"
"32434";"0"
"32521";"0"
"32524";"0"
"32545";"1"
"32550";"0"
"32553";"0"
"32565";"0"
"32566";"1"
"32583";"0"
"32588";"0"
"32590";"0"
"32610";"0"
"32622";"0"
"32662";"0"
"32692";"1"
"32715";"0"
"32719";"0"
"32732";"1"
"32737";"0"
"32753";"0"
"32777";"0"
"32779";"1"
"32797";"0"
"32798";"0"
"32803";"0"
"32804";"0"
"32823";"1"
"32829";"1"
"32831";"0"
"32865";"0"
"32887";"0"
"32906";"0"
"32923";"1"
"32970";"1"
"32977";"0"
"32982";"0"
"32988";"1"
"33016";"1"
"33020";"0"
"33029";"0"
"33036";"0"
"33043";"1"
"33056";"0"
"33058";"0"
"33060";"0"
"33062";"1"
"33063";"0"
"33066";"0"
"33077";"1"
"33093";"0"
"33117";"0"
"33153";"1"
"33159";"1"
"33180";"0"
"33184";"1"
"33188";"0"
"33204";"0"
"33218";"0"
"33260";"0"
"33267";"1"
"33282";"0"
"33401";"1"
"33406";"0"
"33407";"1"
"33429";"0"
"33431";"0"
"33434";"0"
"33442";"0"
"33447";"0"
"33448";"0"
"33450";"0"
"33453";"0"
"33467";"0"
"33471";"0"
"33481";"0"
"33507";"0"
"33520";"0"
"33551";"0"
"33556";"1"
"33586";"0"
"33589";"0"
"33598";"0"
"33601";"0"
"33615";"0"
"33624";"0"
"33634";"0"
"33638";"0"
"33642";"1"
"33647";"0"
"33650";"0"
"33652";"0"
"33659";"1"
"33682";"0"
"33743";"0"
"33774";"0"
"33785";"1"
"33786";"0"
"33806";"0"
"33823";"0"
"33836";"0"
"33852";"0"
"33875";"1"
"33876";"0"
"33879";"0"
"33883";"1"
"33884";"0"
"33887";"0"
"33888";"0"
"33890";"0"
"33891";"0"
"33893";"0"
"33895";"0"
"33902";"1"
"33905";"0"
"33909";"0"
"33917";"0"
"33925";"0"
"33928";"0"
"33942";"0"
"33944";"0"
"33949";"0"
"33950";"0"
"33956";"0"
"33959";"0"
"33960";"0"
"33967";"1"
"33976";"0"
"33979";"0"
"33986";"0"
"33990";"0"
"33993";"0"
"34002";"0"
"34004";"0"
"34006";"0"
"34027";"0"
"34028";"1"
"34030";"0"
"34035";"0"
"34040";"0"
"34043";"1"
"34061";"0"
"34072";"0"
"34075";"0"
"34081";"0"
"34085";"0"
"34088";"0"
"34099";"0"
"34106";"0"
"34129";"0"
"34141";"0"
"34148";"0"
"34169";"0"
"34197";"0"
"34201";"0"
"34206";"1"
"34210";"0"
"34227";"0"
"34231";"0"
"34244";"0"
"34249";"0"
"34261";"0"
"34262";"0"
"34267";"0"
"34272";"0"
"34274";"0"
"34309";"1"
"34310";"0"
"34313";"0"
"34319";"0"
"34326";"0"
"34327";"0"
"34348";"0"
"34355";"0"
"34360";"0"
"34365";"0"
"34366";"1"
"34377";"1"
"34380";"0"
"34389";"0"
"34393";"0"
"34408";"0"
"34411";"0"
"34424";"0"
"34429";"0"
"34433";"0"
"34437";"0"
"34439";"0"
"34445";"0"
"34457";"0"
"34481";"0"
"34484";"1"
"34490";"0"
"34501";"1"
"34508";"0"
"34512";"0"
"34519";"0"
"34528";"1"
"34540";"0"
"34541";"0"
"34542";"0"
"34571";"0"
"34583";"0"
"34584";"0"
"34590";"0"
"34601";"1"
"34607";"0"
"34613";"1"
"34621";"1"
"34622";"0"
"34651";"0"
"34696";"0"
"34699";"0"
"34703";"1"
"34704";"0"
"34720";"0"
"34722";"0"
"34730";"1"
"34736";"0"
"34747";"0"
"34753";"0"
"34757";"0"
"34777";"0"
"34778";"0"
"34786";"0"
"34790";"0"
"34792";"0"
"34805";"0"
"34815";"1"
"34835";"0"
"34847";"0"
"34850";"0"
"34851";"0"
"34853";"0"
"34855";"0"
"34864";"0"
"34878";"0"
"34887";"0"
"34900";"1"
"34907";"0"
"34915";"0"
"34926";"0"
"34930";"0"
"34933";"1"
"34981";"0"
"34986";"0"
"34987";"0"
"34989";"0"
"34991";"0"
"34992";"0"
"34996";"0"
"35012";"0"
"35019";"0"
"35041";"0"
"35045";"0"
"35050";"0"
"35053";"0"
"35059";"0"
"35064";"0"
"35070";"0"
"35082";"1"
"35085";"0"
"35094";"0"
"35113";"0"
"35182";"0"
"35200";"0"
"35216";"0"
"35226";"0"
"35235";"0"
"35236";"0"
"35240";"0"
"35242";"0"
"35255";"1"
"35257";"0"
"35267";"0"
"35274";"0"
"35286";"0"
"35294";"0"
"35306";"0"
"35307";"0"
"35321";"0"
"35347";"0"
"35364";"0"
"35365";"0"
"35386";"0"
"35418";"0"
"35428";"0"
"35430";"1"
"35432";"1"
"35441";"0"
"35451";"0"
"35452";"0"
"35460";"0"
"35461";"0"
"35465";"0"
"35466";"0"
"35470";"0"
"35489";"0"
"35490";"0"
"35498";"0"
"35500";"0"
"35505";"0"
"35510";"0"
"35512";"0"
"35513";"0"
"35523";"0"
"35533";"0"
"35534";"0"
"35537";"0"
"35544";"0"
"35545";"0"
"35551";"0"
"35557";"0"
"35558";"0"
"35583";"1"
"35592";"0"
"35597";"0"
"35598";"0"
"35609";"0"
"35610";"0"
"35616";"0"
"35617";"0"
"35622";"1"
"35632";"1"
"35633";"0"
"35637";"0"
"35639";"0"
"35641";"0"
"35646";"0"
"35647";"0"
"35649";"0"
"35667";"0"
"35672";"0"
"35679";"0"
"35683";"0"
"35688";"0"
"35699";"0"
"35714";"1"
"35720";"0"
"35722";"0"
"35728";"1"
"35731";"0"
"35748";"1"
"35752";"0"
"35754";"0"
"35755";"0"
"35761";"0"
"35770";"0"
"35774";"0"
"35784";"1"
"35785";"0"
"35794";"0"
"35804";"0"
"35806";"0"
"35834";"0"
"35837";"0"
"35874";"0"
"35875";"0"
"35877";"0"
"35882";"0"
"35896";"0"
"35899";"0"
"35946";"0"
"35950";"0"
"35952";"0"
"35955";"0"
"35959";"0"
"35967";"0"
"35973";"0"
"35974";"0"
"35975";"1"
"35981";"0"
"35986";"0"
"35988";"0"
"35990";"1"
"35995";"0"
"36005";"0"
"36015";"0"
"36021";"0"
"36045";"0"
"36065";"0"
"36067";"0"
"36069";"0"
"36073";"0"
"36074";"0"
"36075";"0"
"36079";"0"
"36080";"0"
"36082";"0"
"36092";"0"
"36100";"0"
"36101";"1"
"36114";"0"
"36126";"0"
"36129";"0"
"36137";"0"
"36140";"0"
"36142";"1"
"36144";"1"
"36146";"0"
"36155";"0"
"36166";"0"
"36169";"0"
"36171";"0"
"36186";"0"
"36192";"0"
"36195";"0"
"36199";"0"
"36201";"0"
"36202";"1"
"36210";"1"
"36219";"1"
"36220";"0"
"36221";"0"
"36228";"0"
"36234";"1"
"36239";"0"
"36240";"1"
"36241";"0"
"36247";"0"
"36250";"0"
"36260";"0"
"36265";"0"
"36279";"0"
"36280";"1"
"36283";"0"
"36294";"0"
"36305";"0"
"36306";"0"
"36308";"0"
"36310";"0"
"36333";"0"
"36335";"0"
"36337";"1"
"36341";"0"
"36343";"0"
"36354";"0"
"36370";"1"
"36379";"0"
"36384";"0"
"36385";"0"
"36388";"0"
"36389";"0"
"36409";"0"
"36414";"0"
"36427";"0"
"36430";"0"
"36465";"0"
"36508";"1"
"36512";"0"
"36516";"1"
"36517";"0"
"36519";"0"
"36535";"0"
"36544";"0"
"36545";"0"
"36551";"0"
"36564";"1"
"36593";"1"
"36595";"0"
"36601";"0"
"36605";"0"
"36609";"1"
"36610";"0"
"36616";"0"
"36618";"0"
"36627";"0"
"36646";"0"
"36653";"0"
"36654";"0"
"36658";"0"
"36675";"0"
"36676";"0"
"36692";"0"
"36701";"0"
"36716";"0"
"36735";"0"
"36740";"0"
"36775";"0"
"36779";"0"
"36780";"0"
"36782";"0"
"36787";"1"
"36789";"0"
"36795";"0"
"36800";"0"
"36807";"0"
"36840";"0"
"36841";"0"
"36847";"0"
"36850";"1"
"36851";"0"
"36868";"0"
"36878";"0"
"36881";"1"
"36896";"0"
"36926";"0"
"36928";"0"
"36931";"0"
"36939";"0"
"36949";"0"
"36953";"0"
"36956";"0"
"36962";"0"
"36963";"0"
"36968";"0"
"36991";"0"
"36996";"1"
"37000";"0"
"37004";"0"
"37014";"0"
"37019";"0"
"37024";"0"
"37026";"0"
"37031";"1"
"37034";"0"
"37035";"1"
"37045";"0"
"37046";"1"
"37047";"1"
"37048";"0"
"37052";"0"
"37055";"0"
"37057";"0"
"37058";"0"
"37060";"0"
"37066";"0"
"37070";"0"
"37077";"0"
"37081";"0"
"37086";"0"
"37088";"0"
"37090";"1"
"37099";"0"
"37103";"0"
"37107";"0"
"37125";"0"
"37126";"0"
"37141";"0"
"37150";"0"
"37165";"0"
"37167";"1"
"37169";"0"
"37184";"1"
"37187";"0"
"37192";"0"
"37193";"0"
"37194";"0"
"37199";"0"
"37213";"0"
"37218";"0"
"37223";"0"
"37225";"1"
"37227";"0"
"37230";"1"
"37240";"0"
"37256";"0"
"37262";"0"
"37268";"0"
"37275";"0"
"37293";"0"
"37310";"0"
"37317";"0"
"37333";"1"
"37350";"1"
"37355";"0"
"37366";"0"
"37373";"0"
"37376";"1"
"37383";"1"
"37385";"1"
"37386";"1"
"37394";"0"
"37403";"0"
"37404";"1"
"37410";"0"
"37425";"0"
"37433";"1"
"37434";"0"
"37451";"0"
"37453";"0"
"37457";"0"
"37460";"0"
"37501";"0"
"37509";"0"
"37516";"0"
"37529";"1"
"37565";"1"
"37567";"0"
"37612";"0"
"37640";"0"
"37659";"0"
"37660";"1"
"37662";"0"
"37665";"0"
"37668";"0"
"37669";"0"
"37676";"0"
"37677";"0"
"37691";"0"
"37722";"0"
"37729";"0"
"37730";"0"
"37742";"0"
"37753";"0"
"37761";"0"
"37762";"0"
"37765";"0"
"37771";"1"
"37775";"0"
"37779";"0"
"37782";"0"
"37783";"1"
"37785";"0"
"37787";"0"
"37792";"0"
"37803";"0"
"37809";"0"
"37819";"0"
"37822";"0"
"37823";"0"
"37828";"0"
"37850";"0"
"37858";"0"
"37859";"1"
"37887";"0"
"37901";"1"
"37905";"0"
"37911";"0"
"37913";"0"
"37926";"0"
"37927";"0"
"37932";"0"
"37936";"0"
"37939";"0"
"37961";"1"
"37962";"0"
"37967";"0"
"37972";"1"
"37973";"0"
"37986";"0"
"37996";"0"
"38008";"0"
"38012";"0"
"38014";"1"
"38022";"0"
"38031";"0"
"38036";"0"
"38038";"1"
"38056";"0"
"38060";"0"
"38062";"0"
"38072";"0"
"38099";"0"
"38123";"0"
"38135";"0"
"38138";"0"
"38139";"0"
"38141";"0"
"38194";"0"
"38217";"0"
"38238";"0"
"38247";"0"
"38248";"0"
"38251";"0"
"38257";"0"
"38274";"0"
"38275";"0"
"38291";"0"
"38292";"0"
"38295";"0"
"38300";"0"
"38314";"0"
"38339";"0"
"38356";"0"
"38357";"0"
"38368";"0"
"38383";"0"
"38396";"0"
"38402";"1"
"38408";"0"
"38475";"0"
"38479";"0"
"38489";"0"
"38518";"0"
"38520";"0"
"38524";"0"
"38534";"0"
"38537";"0"
"38544";"0"
"38554";"1"
"38595";"0"
"38606";"0"
"38616";"0"
"38618";"0"
"38625";"0"
"38640";"0"
"38641";"0"
"38648";"0"
"38667";"0"
"38678";"0"
"38692";"0"
"38700";"0"
"38701";"0"
"38710";"0"
"38719";"0"
"38738";"1"
"38744";"0"
"38767";"0"
"38798";"0"
"38808";"1"
"38809";"1"
"38814";"0"
"38818";"1"
"38827";"1"
"38833";"0"
"38838";"0"
"38851";"1"
"38858";"0"
"38873";"0"
"38874";"0"
"38902";"1"
"38913";"0"
"38914";"0"
"38920";"0"
"38935";"0"
"38936";"0"
"38938";"1"
"38983";"0"
"38986";"1"
"38988";"0"
"38989";"0"
"38994";"1"
"38995";"0"
"38998";"0"
"39004";"0"
"39005";"0"
"39024";"0"
"39036";"0"
"39037";"0"
"39044";"0"
"39053";"0"
"39058";"0"
"39066";"0"
"39074";"0"
"39096";"0"
"39130";"0"
"39137";"0"
"39143";"0"
"39144";"0"
"39173";"1"
"39176";"1"
"39184";"0"
"39188";"0"
"39212";"1"
"39226";"0"
"39239";"0"
"39249";"0"
"39260";"0"
"39291";"0"
"39294";"0"
"39295";"0"
"39302";"0"
"39315";"0"
"39318";"0"
"39327";"0"
"39356";"0"
"39362";"1"
"39365";"0"
"39381";"0"
"39386";"0"
"39391";"1"
"39400";"0"
"39409";"0"
"39424";"0"
"39445";"0"
"39464";"0"
"39476";"1"
"39507";"0"
"39518";"1"
"39519";"1"
"39521";"0"
"39522";"0"
"39557";"0"
"39559";"0"
"39567";"1"
"39571";"0"
"39576";"1"
"39581";"0"
"39584";"1"
"39586";"0"
"39589";"0"
"39591";"0"
"39593";"0"
"39605";"0"
"39610";"1"
"39632";"0"
"39649";"0"
"39651";"0"
"39686";"0"
"39687";"0"
"39695";"1"
"39705";"0"
"39716";"0"
"39719";"0"
"39736";"0"
"39737";"0"
"39754";"1"
"39772";"0"
"39773";"0"
"39783";"0"
"39784";"0"
"39791";"0"
"39792";"0"
"39794";"0"
"39805";"0"
"39806";"0"
"39811";"0"
"39838";"0"
"39841";"0"
"39873";"0"
"39916";"0"
"39936";"0"
"39957";"0"
"39969";"0"
"39981";"0"
"40001";"1"
"40016";"0"
"40027";"0"
"40029";"1"
"40070";"0"
"40089";"0"
"40091";"0"
"40094";"0"
"40106";"0"
"40115";"0"
"40161";"0"
"40213";"0"
"40230";"0"
"40234";"0"
"40258";"0"
"40292";"0"
"40301";"0"
"40305";"0"
"40308";"0"
"40315";"0"
"40329";"0"
"40344";"0"
"40356";"0"
"40357";"1"
"40373";"1"
"40419";"0"
"40420";"0"
"40421";"0"
"40422";"0"
"40435";"0"
"40452";"0"
"40459";"0"
"40461";"0"
"40466";"0"
"40469";"0"
"40476";"0"
"40486";"0"
"40499";"0"
"40507";"0"
"40525";"0"
"40545";"0"
"40546";"0"
"40565";"0"
"40579";"0"
"40604";"0"
"40605";"0"
"40616";"1"
"40631";"0"
"40640";"0"
"40662";"0"
"40664";"0"
"40670";"0"
"40684";"0"
"40699";"0"
"40700";"0"
"40721";"0"
"40736";"0"
"40750";"0"
"40752";"0"
"40764";"1"
"40787";"0"
"40799";"0"
"40821";"0"
"40842";"0"
"40843";"1"
"40858";"0"
"40866";"0"
"40891";"0"
"40894";"0"
"40917";"0"
"40924";"0"
"40934";"0"
"40940";"0"
"40944";"0"
"40945";"0"
"40949";"1"
"40962";"0"
"40970";"0"
"40993";"0"
"41005";"0"
"41016";"0"
"41034";"0"
"41041";"1"
"41044";"0"
"41054";"0"
"41062";"0"
"41132";"0"
"41157";"0"
"41166";"0"
"41167";"0"
"41184";"0"
"41192";"0"
"41197";"0"
"41201";"0"
"41202";"0"
"41210";"0"
"41212";"0"
"41236";"0"
"41241";"1"
"41245";"0"
"41248";"0"
"41277";"0"
"41279";"1"
"41286";"0"
"41288";"0"
"41289";"0"
"41291";"0"
"41304";"0"
"41305";"0"
"41325";"0"
"41326";"0"
"41328";"0"
"41337";"0"
"41344";"0"
"41363";"0"
"41366";"0"
"41367";"0"
"41372";"0"
"41377";"0"
"41385";"0"
"41392";"1"
"41393";"0"
"41408";"0"
"41409";"0"
"41431";"0"
"41433";"0"
"41434";"0"
"41437";"0"
"41438";"0"
"41477";"1"
"41492";"1"
"41533";"0"
"41543";"0"
"41548";"0"
"41549";"1"
"41556";"0"
"41560";"0"
"41562";"0"
"41564";"1"
"41572";"0"
"41587";"0"
"41620";"0"
"41647";"0"
"41651";"0"
"41670";"0"
"41678";"0"
"41686";"0"
"41689";"0"
"41700";"0"
"41701";"0"
"41704";"0"
"41736";"0"
"41738";"1"
"41741";"0"
"41743";"0"
"41756";"0"
"41793";"0"
"41803";"0"
"41806";"1"
"41810";"0"
"41819";"0"
"41834";"0"
"41839";"0"
"41854";"0"
"41871";"0"
"41876";"0"
"41889";"1"
"41903";"1"
"41922";"0"
"41925";"0"
"41932";"0"
"41937";"1"
"41945";"1"
"41954";"1"
"41958";"0"
"41968";"0"
"42017";"0"
"42026";"0"
"42046";"0"
"42094";"1"
"42106";"0"
"42112";"0"
"42128";"0"
"42171";"0"
"42193";"0"
"42203";"0"
"42224";"1"
"42233";"1"
"42236";"0"
"42257";"0"
"42270";"0"
"42284";"0"
"42287";"0"
"42291";"0"
"42306";"0"
"42311";"0"
"42334";"1"
"42340";"1"
"42348";"0"
"42398";"1"
"42400";"1"
"42447";"0"
"42452";"0"
"42459";"0"
"42461";"0"
"42464";"0"
"42470";"0"
"42485";"1"
"42497";"0"
"42510";"0"
"42531";"0"
"42599";"1"
"42600";"1"
"42633";"0"
"42657";"0"
"42660";"0"
"42664";"0"
"42688";"0"
"42725";"0"
"42729";"0"
"42738";"0"
"42741";"0"
"42761";"0"
"42781";"0"
"42790";"0"
"42806";"0"
"42808";"0"
"42812";"0"
"42815";"0"
"42859";"0"
"42860";"0"
"42864";"0"
"42869";"1"
"42870";"0"
"42872";"0"
"42877";"0"
"42883";"0"
"42913";"0"
"42922";"0"
"42948";"0"
"42950";"0"
"42952";"0"
"42978";"0"
"42993";"1"
"43010";"0"
"43016";"0"
"43023";"0"
"43026";"1"
"43028";"0"
"43044";"1"
"43069";"0"
"43072";"0"
"43073";"0"
"43085";"0"
"43086";"0"
"43096";"0"
"43099";"0"
"43104";"0"
"43111";"0"
"43112";"0"
"43121";"0"
"43128";"1"
"43139";"1"
"43160";"1"
"43189";"0"
"43204";"0"
"43207";"0"
"43216";"0"
"43249";"0"
"43263";"0"
"43288";"0"
"43309";"1"
"43315";"0"
"43319";"0"
"43320";"0"
"43325";"0"
"43328";"0"
"43342";"0"
"43382";"0"
"43391";"0"
"43402";"0"
"43412";"0"
"43427";"0"
"43435";"0"
"43457";"0"
"43458";"0"
"43465";"0"
"43480";"0"
"43506";"1"
"43516";"0"
"43523";"1"
"43533";"0"
"43539";"1"
"43540";"0"
"43541";"0"
"43558";"0"
"43559";"1"
"43598";"0"
"43601";"0"
"43604";"0"
"43633";"0"
"43711";"0"
"43718";"0"
"43728";"0"
"43730";"0"
"43736";"0"
"43738";"0"
"43753";"0"
"43787";"1"
"43791";"0"
"43824";"0"
"43842";"1"
"43905";"0"
"43910";"0"
"43915";"0"
"43927";"1"
"43936";"0"
"43955";"0"
"43962";"0"
"43978";"0"
"43986";"0"
"43987";"0"
"44016";"0"
"44019";"1"
"44026";"0"
"44065";"1"
"44071";"0"
"44078";"0"
"44091";"1"
"44106";"0"
"44107";"0"
"44113";"1"
"44119";"0"
"44143";"0"
"44153";"0"
"44161";"0"
"44164";"0"
"44166";"0"
"44173";"0"
"44179";"0"
"44184";"0"
"44191";"0"
"44193";"0"
"44194";"1"
"44239";"0"
"44241";"0"
"44253";"0"
"44255";"0"
"44265";"0"
"44280";"0"
"44299";"1"
"44311";"0"
"44312";"0"
"44321";"0"
"44332";"1"
"44335";"1"
"44345";"0"
"44360";"1"
"44361";"0"
"44362";"0"
"44365";"0"
"44366";"0"
"44383";"0"
"44404";"1"
"44438";"0"
"44440";"0"
"44463";"1"
"44476";"0"
"44483";"0"
"44489";"0"
"44491";"0"
"44496";"0"
"44509";"1"
"44539";"1"
"44548";"1"
"44565";"0"
"44576";"0"
"44585";"0"
"44588";"0"
"44597";"1"
"44611";"0"
"44619";"0"
"44632";"0"
"44651";"0"
"44652";"0"
"44670";"0"
"44689";"0"
"44691";"0"
"44692";"0"
"44696";"0"
"44697";"0"
"44698";"0"
"44721";"0"
"44724";"0"
"44738";"0"
"44756";"0"
"44773";"0"
"44774";"0"
"44792";"0"
"44831";"0"
"44842";"0"
"44855";"0"
"44868";"0"
"44869";"0"
"44873";"0"
"44882";"0"
"44885";"0"
"44898";"1"
"44903";"0"
"44905";"0"
"44911";"0"
"44926";"0"
"44927";"1"
"44937";"0"
"44942";"0"
"44957";"0"
"44986";"0"
"44987";"0"
"44988";"0"
"45019";"0"
"45025";"1"
"45054";"0"
"45120";"0"
"45123";"0"
"45129";"0"
"45136";"1"
"45178";"0"
"45216";"0"
"45229";"1"
"45237";"1"
"45239";"0"
"45259";"0"
"45292";"0"
"45308";"0"
"45311";"0"
"45332";"0"
"45351";"0"
"45362";"1"
"45395";"0"
"45397";"0"
"45434";"0"
"45447";"0"
"45452";"1"
"45533";"0"
"45542";"0"
"45561";"0"
"45572";"0"
"45584";"0"
"45644";"0"
"45665";"0"
"45667";"0"
"45674";"0"
"45675";"0"
"45682";"1"
"45697";"1"
"45705";"1"
"45714";"0"
"45721";"0"
"45723";"0"
"45738";"0"
"45749";"0"
"45756";"0"
"45778";"0"
"45796";"1"
"45807";"0"
"45818";"0"
"45829";"0"
"45861";"1"
"45866";"0"
"45867";"0"
"45869";"0"
"45871";"1"
"45892";"0"
"45894";"0"
"45901";"1"
"45902";"0"
"45924";"1"
"45929";"0"
"45930";"0"
"45946";"0"
"45968";"1"
"45983";"0"
"46019";"0"
"46039";"0"
"46047";"0"
"46055";"1"
"46059";"1"
"46060";"0"
"46070";"0"
"46071";"1"
"46078";"1"
"46083";"0"
"46088";"1"
"46119";"0"
"46123";"0"
"46136";"1"
"46149";"0"
"46199";"0"
"46214";"0"
"46217";"0"
"46220";"0"
"46254";"0"
"46267";"0"
"46270";"0"
"46282";"0"
"46285";"0"
"46294";"0"
"46335";"0"
"46341";"0"
"46346";"0"
"46356";"0"
"46364";"0"
"46376";"0"
"46414";"0"
"46425";"0"
"46426";"0"
"46429";"0"
"46432";"0"
"46445";"1"
"46490";"1"
"46493";"0"
"46512";"1"
"46530";"0"
"46531";"0"
"46538";"0"
"46540";"0"
"46552";"0"
"46556";"1"
"46572";"0"
"46586";"0"
"46597";"0"
"46621";"0"
"46632";"1"
"46686";"0"
"46740";"0"
"46775";"0"
"46792";"0"
"46798";"0"
"46799";"0"
"46819";"1"
"46838";"0"
"46936";"0"
"46941";"0"
"46944";"0"
"46959";"0"
"46960";"0"
"46962";"0"
"46973";"0"
"46979";"0"
"46985";"1"
"46986";"0"
"47029";"0"
"47041";"1"
"47059";"0"
"47063";"1"
"47071";"1"
"47081";"0"
"47140";"1"
"47145";"0"
"47147";"1"
"47371";"0"
"47378";"1"
"47417";"0"
"47420";"1"
"47422";"0"
"47424";"0"
"47425";"0"
"47435";"0"
"47442";"0"
"47506";"0"
"47517";"0"
"47561";"0"
"47567";"0"
"47585";"0"
"47599";"0"
"47601";"0"
"47617";"0"
"47630";"0"
"47632";"0"
"47643";"0"
"47651";"0"
"47679";"0"
"47723";"0"
"47730";"0"
"47744";"0"
"47758";"0"
"47776";"0"
"47810";"0"
"47814";"0"
"47855";"0"
"47861";"0"
"47882";"1"
"47910";"0"
"47913";"0"
"47936";"1"
"47940";"0"
"47972";"0"
"47973";"0"
"47976";"0"
"47977";"0"
"47987";"0"
"47992";"0"
"48020";"0"
"48053";"0"
"48055";"0"
"48063";"0"
"48073";"1"
"48074";"0"
"48083";"0"
"48086";"0"
"48089";"0"
"48105";"0"
"48114";"0"
"48137";"0"
"48141";"1"
"48142";"0"
"48145";"0"
"48177";"0"
"48229";"1"
"48244";"0"
"48262";"0"
"48264";"0"
"48266";"1"
"48281";"1"
"48306";"0"
"48370";"0"
"48382";"1"
"48391";"0"
"48392";"0"
"48455";"1"
"48476";"0"
"48500";"1"
"48516";"0"
"48526";"1"
"48531";"1"
"48554";"0"
"48557";"0"
"48570";"0"
"48584";"0"
"48597";"0"
"48602";"0"
"48603";"0"
"48608";"1"
"48611";"0"
"48624";"0"
"48631";"0"
"48645";"0"
"48669";"0"
"48688";"1"
"48697";"0"
"48704";"0"
"48733";"0"
"48734";"0"
"48753";"0"
"48763";"0"
"48765";"0"
"48791";"0"
"48804";"0"
"48813";"0"
"48845";"0"
"48847";"1"
"48853";"0"
"48860";"0"
"48867";"1"
"48869";"0"
"48895";"0"
"48901";"0"
"48925";"0"
"48957";"0"
"48968";"0"
"48972";"0"
"48976";"0"
"48988";"1"
"48991";"0"
"49001";"0"
"49003";"0"
"49024";"0"
"49028";"0"
"49037";"0"
"49054";"0"
"49078";"0"
"49080";"0"
"49089";"0"
"49094";"1"
"49102";"0"
"49103";"1"
"49106";"0"
"49139";"0"
"49159";"1"
"49162";"0"
"49167";"0"
"49168";"1"
"49169";"0"
"49187";"0"
"49190";"1"
"49192";"0"
"49199";"0"
"49205";"0"
"49208";"0"
"49209";"0"
"49211";"0"
"49215";"1"
"49218";"0"
"49219";"0"
"49220";"0"
"49221";"0"
"49231";"0"
"49236";"0"
"49248";"0"
"49250";"0"
"49251";"0"
"49252";"0"
"49254";"0"
"49257";"1"
"49261";"0"
"49263";"0"
"49275";"0"
"49287";"0"
"49292";"0"
"49306";"1"
"49310";"1"
"49316";"0"
"49326";"0"
"49330";"0"
"49331";"0"
"49332";"0"
"49337";"0"
"49340";"0"
"49341";"0"
"49350";"0"
"49352";"0"
"49355";"0"
"49397";"0"
"49411";"0"
"49424";"0"
"49434";"0"
"49442";"0"
"49454";"0"
"49471";"0"
"49487";"0"
"49492";"0"
"49493";"0"
"49511";"0"
"49531";"0"
"49537";"0"
"49553";"0"
"49557";"0"
"49562";"0"
"49566";"1"
"49567";"1"
"49573";"1"
"49574";"0"
"49578";"0"
"49581";"1"
"49583";"1"
"49592";"0"
"49597";"0"
"49613";"1"
"49614";"1"
"49618";"0"
"49626";"0"
"49673";"0"
"49681";"0"
"49690";"0"
"49724";"1"
"49735";"0"
"49736";"0"
"49737";"0"
"49754";"1"
"49755";"0"
"49762";"0"
"49773";"0"
"49774";"0"
"49779";"0"
"49780";"0"
"49805";"0"
"49815";"0"
"49845";"0"
"49874";"1"
"49887";"1"
"49901";"1"
"49916";"1"
"49917";"0"
"49922";"0"
"49928";"0"
"49930";"0"
"49931";"0"
"49936";"0"
"49937";"0"
"49940";"0"
"49944";"0"
"49947";"1"
"49958";"0"
"49960";"0"
"49961";"0"
"49973";"0"
"49976";"0"
"49989";"0"
"50003";"0"
"50024";"0"
"50031";"0"
"50033";"0"
"50042";"0"
"50047";"1"
"50048";"1"
"50053";"1"
"50061";"0"
"50068";"1"
"50069";"0"
"50070";"0"
"50074";"1"
"50082";"0"
"50084";"0"
"50086";"0"
"50095";"0"
"50106";"0"
"50107";"0"
"50125";"0"
"50135";"0"
"50156";"0"
"50167";"0"
"50172";"1"
"50180";"1"
"50181";"1"
"50189";"0"
"50215";"0"
"50220";"0"
"50221";"0"
"50227";"0"
"50229";"0"
"50246";"0"
"50258";"0"
"50259";"0"
"50268";"0"
"50270";"1"
"50283";"0"
"50286";"0"
"50287";"0"
"50288";"0"
"50296";"0"
"50298";"1"
"50301";"0"
"50305";"0"
"50312";"0"
"50316";"0"
"50321";"1"
"50347";"0"
"50351";"0"
"50354";"0"
"50355";"1"
"50358";"0"
"50359";"0"
"50368";"0"
"50369";"0"
"50377";"0"
"50381";"0"
"50382";"0"
"50389";"0"
"50393";"0"
"50400";"0"
"50423";"0"
"50430";"0"
"50435";"0"
"50443";"0"
"50449";"0"
"50471";"0"
"50474";"0"
"50482";"1"
"50492";"0"
"50504";"0"
"50509";"0"
"50524";"0"
"50535";"1"
"50538";"0"
"50553";"1"
"50560";"0"
"50579";"0"
"50605";"1"
"50610";"1"
"50614";"0"
"50619";"1"
"50634";"0"
"50644";"0"
"50648";"0"
"50654";"0"
"50663";"0"
"50679";"0"
"50683";"1"
"50687";"0"
"50706";"0"
"50710";"1"
"50711";"0"
"50712";"0"
"50713";"0"
"50714";"0"
"50721";"0"
"50729";"0"
"50736";"1"
"50742";"0"
"50762";"0"
"50763";"0"
"50766";"0"
"50767";"0"
"50772";"1"
"50773";"0"
"50775";"1"
"50777";"0"
"50779";"0"
"50782";"0"
"50796";"0"
"50800";"0"
"50802";"0"
"50812";"0"
"50825";"0"
"50834";"1"
"50838";"0"
"50840";"1"
"50849";"0"
"50850";"0"
"50873";"0"
"50878";"0"
"50913";"0"
"50922";"0"
"50924";"1"
"50965";"0"
"50966";"0"
"50975";"0"
"50979";"0"
"50983";"0"
"50988";"0"
"50997";"0"
"51006";"0"
"51008";"0"
"51010";"0"
"51013";"0"
"51029";"0"
"51030";"0"
"51031";"0"
"51045";"0"
"51048";"0"
"51050";"0"
"51060";"1"
"51062";"0"
"51075";"0"
"51077";"0"
"51081";"0"
"51082";"0"
"51091";"0"
"51137";"0"
"51149";"0"
"51152";"0"
"51160";"0"
"51170";"1"
"51181";"0"
"51190";"0"
"51191";"0"
"51194";"0"
"51200";"0"
"51205";"0"
"51215";"0"
"51216";"0"
"51219";"0"
"51259";"0"
"51260";"0"
"51262";"0"
"51264";"0"
"51265";"1"
"51272";"1"
"51281";"1"
"51288";"0"
"51302";"0"
"51307";"0"
"51319";"0"
"51327";"0"
"51334";"0"
"51337";"0"
"51371";"0"
"51377";"0"
"51378";"0"
"51380";"0"
"51384";"0"
"51398";"0"
"51406";"0"
"51413";"0"
"51414";"0"
"51417";"0"
"51418";"0"
"51420";"1"
"51424";"1"
"51431";"0"
"51437";"0"
"51440";"0"
"51453";"0"
"51456";"0"
"51503";"0"
"51538";"0"
"51539";"1"
"51562";"0"
"51587";"0"
"51589";"0"
"51606";"0"
"51623";"0"
"51636";"0"
"51638";"0"
"51642";"0"
"51669";"0"
"51681";"0"
"51705";"0"
"51735";"0"
"51757";"0"
"51760";"0"
"51771";"0"
"51781";"0"
"51786";"0"
"51797";"0"
"51807";"0"
"51809";"0"
"51818";"0"
"51857";"1"
"51895";"1"
"51900";"0"
"51901";"0"
"51911";"0"
"51923";"0"
"51957";"0"
"51965";"0"
"51978";"0"
"52012";"0"
"52034";"0"
"52036";"0"
"52043";"0"
"52044";"1"
"52120";"0"
"52137";"0"
"52150";"1"
"52186";"0"
"52187";"0"
"52198";"0"
"52207";"0"
"52239";"0"
"52242";"0"
"52263";"0"
"52268";"0"
"52280";"1"
"52304";"0"
"52305";"0"
"52379";"0"
"52381";"0"
"52500";"0"
"52577";"0"
"52607";"0"
"52612";"1"
"52637";"0"
"52696";"0"
"52703";"0"
"52710";"0"
"52720";"0"
"52737";"0"
"52742";"0"
"52753";"0"
"52769";"0"
"52804";"0"
"52835";"0"
"52874";"0"
"52909";"0"
"52987";"0"
"53039";"0"
"53056";"0"
