SUBS_KEY;TARGET
19;0
23;0
38;1
50;1
63;0
64;0
66;1
68;0
70;1
78;0
86;1
87;1
90;0
92;1
96;0
99;0
105;0
110;1
115;1
122;0
123;0
125;1
136;0
141;1
142;0
151;1
152;1
156;0
157;1
165;0
168;1
175;0
179;0
181;1
183;1
213;1
218;0
222;1
226;0
243;0
245;0
247;1
251;1
254;1
258;1
261;0
264;0
265;1
267;0
268;1
280;1
281;0
285;1
286;1
294;1
295;1
304;0
305;0
306;1
309;1
322;1
326;1
341;1
342;1
353;1
354;1
356;1
358;1
359;1
361;1
369;0
370;0
375;0
382;0
385;0
387;1
399;0
404;1
406;1
411;0
421;1
431;1
436;1
437;0
438;1
439;0
442;1
446;1
452;0
456;1
462;1
463;0
468;0
486;1
490;0
492;0
494;0
496;0
497;0
505;1
512;1
516;1
519;0
522;1
526;0
528;1
530;1
532;0
534;0
538;1
539;0
541;1
543;0
545;0
546;0
550;1
553;0
559;0
561;0
563;0
570;1
575;1
578;0
579;1
587;0
596;0
597;0
598;0
599;0
610;0
612;0
615;0
620;1
627;1
628;0
629;0
633;1
640;0
654;1
663;1
668;0
669;1
681;0
686;1
698;0
707;1
708;1
711;0
713;1
718;0
720;0
725;1
727;0
739;0
742;1
743;0
748;1
751;0
753;1
755;1
760;0
766;0
768;0
772;0
773;0
786;0
792;0
793;0
794;0
799;0
804;1
809;0
810;0
811;0
812;0
818;0
820;0
824;0
826;0
835;1
837;1
847;1
858;0
860;0
863;0
865;1
873;0
876;0
878;0
880;0
887;0
902;1
903;0
908;0
909;0
913;0
914;0
915;0
919;1
920;0
922;0
928;1
931;0
943;0
948;1
951;0
954;0
962;0
968;1
969;0
971;0
972;0
980;0
988;0
991;0
993;0
994;0
1003;0
1007;1
1008;0
1011;1
1024;1
1028;0
1029;1
1036;0
1051;0
1053;0
1054;0
1059;1
1063;0
1071;0
1073;0
1074;0
1080;0
1084;0
1087;0
1089;1
1090;1
1093;0
1098;1
1103;1
1106;1
1107;0
1109;0
1111;0
1114;1
1116;0
1121;0
1128;0
1129;0
1130;0
1131;1
1132;0
1143;0
1146;0
1147;0
1148;0
1151;0
1155;1
1157;0
1161;1
1163;0
1166;0
1169;0
1170;1
1171;0
1178;0
1181;1
1182;0
1184;0
1185;0
1187;1
1189;0
1190;0
1191;0
1200;1
1204;0
1208;0
1214;0
1217;0
1222;0
1239;0
1246;0
1248;0
1250;0
1251;0
1261;0
1276;0
1277;1
1278;1
1286;0
1288;1
1293;0
1294;0
1299;0
1301;1
1303;0
1304;1
1306;0
1312;0
1332;0
1339;0
1342;1
1347;0
1349;0
1350;0
1353;0
1354;1
1358;0
1365;1
1377;0
1378;1
1380;1
1385;0
1388;1
1391;0
1394;0
1400;0
1401;0
1403;0
1408;0
1412;1
1422;1
1427;1
1431;0
1439;1
1446;0
1450;1
1454;1
1469;0
1471;1
1473;1
1476;0
1493;0
1495;1
1499;1
1503;0
1518;1
1529;0
1552;1
1553;0
1564;1
1574;0
1575;1
1584;1
1598;1
1604;0
1605;0
1609;0
1621;0
1624;1
1629;0
1638;1
1645;0
1651;0
1666;0
1679;0
1680;1
1682;0
1684;0
1686;1
1688;0
1691;1
1698;1
1706;1
1709;1
1711;0
1721;0
1722;0
1739;0
1745;0
1767;1
1774;1
1780;1
1784;1
1785;0
1791;0
1796;1
1805;1
1816;1
1835;0
1847;1
1850;1
1857;1
1865;1
1870;0
1883;0
1885;1
1887;1
1890;0
1895;0
1897;1
1899;0
1909;1
1912;1
1914;1
1915;0
1916;1
1919;0
1923;1
1928;1
1932;0
1946;1
1949;0
1958;0
1962;0
1973;0
1976;0
1985;0
1986;0
1989;0
1991;0
1993;0
1995;1
1999;0
2000;1
2007;0
2008;0
2012;1
2018;0
2021;0
2022;0
2023;1
2029;1
2033;0
2035;0
2038;0
2039;0
2043;0
2044;1
2046;0
2048;0
2050;0
2051;0
2053;1
2056;0
2057;0
2058;0
2060;0
2061;0
2062;0
2064;0
2065;0
2066;1
2067;0
2068;0
2069;0
2074;0
2082;0
2083;0
2084;0
2085;0
2086;0
2089;1
2090;1
2091;1
2096;0
2097;0
2098;0
2099;0
2103;0
2108;1
2111;1
2115;0
2117;0
2118;0
2119;0
2121;1
2125;0
2126;0
2130;0
2132;0
2133;0
2137;1
2140;0
2141;0
2144;1
2148;1
2155;0
2163;0
2172;0
2176;0
2177;0
2179;0
2180;0
2183;0
2185;1
2189;0
2190;0
2193;0
2195;0
2197;0
2206;1
2208;1
2209;0
2211;0
2212;0
2214;0
2215;0
2223;0
2227;0
2228;0
2230;1
2233;0
2234;0
2235;1
2242;0
2243;1
2246;0
2251;0
2261;0
2272;1
2275;1
2277;0
2278;1
2280;0
2287;1
2288;1
2293;1
2297;0
2308;1
2325;0
2330;1
2353;1
2360;1
2362;1
2363;1
2368;1
2383;0
2385;0
2386;1
2390;0
2393;0
2396;0
2399;1
2404;0
2406;0
2407;0
2408;0
2411;0
2415;1
2416;0
2417;0
2424;1
2428;1
2432;1
2441;1
2445;0
2446;1
2448;0
2451;1
2460;0
2461;0
2462;1
2464;0
2468;1
2471;0
2483;1
2484;1
2485;0
2489;0
2491;1
2493;0
2494;1
2498;0
2500;1
2501;0
2503;1
2508;1
2516;0
2535;0
2536;0
2540;0
2544;1
2545;0
2546;0
2548;0
2549;1
2553;0
2554;0
2557;0
2561;1
2562;0
2563;0
2567;0
2568;0
2575;0
2576;0
2581;0
2582;1
2587;0
2590;0
2591;0
2594;0
2595;0
2596;0
2597;0
2602;0
2609;0
2619;1
2620;0
2625;0
2638;1
2643;0
2653;1
2654;0
2655;0
2656;1
2659;0
2667;0
2671;0
2675;1
2678;0
2679;1
2680;1
2699;1
2702;1
2716;1
2726;1
2731;1
2736;0
2746;0
2761;1
2762;0
2766;0
2767;0
2771;1
2776;0
2779;1
2780;0
2784;1
2787;0
2802;0
2803;1
2814;0
2832;1
2834;1
2835;1
2839;1
2842;1
2848;0
2871;0
2872;0
2873;0
2875;0
2881;1
2882;1
2883;0
2888;0
2899;1
2901;1
2903;1
2904;1
2905;1
2908;0
2925;0
2926;0
2931;1
2932;1
2935;1
2941;0
2944;0
2949;0
2954;1
2956;1
2960;1
2962;1
2974;1
2976;0
2977;0
2986;1
3003;0
3007;0
3008;0
3011;1
3014;0
3015;0
3016;1
3025;0
3030;1
3048;0
3049;1
3055;0
3058;1
3066;0
3068;1
3073;0
3075;0
3077;1
3078;0
3090;1
3091;0
3094;0
3099;1
3101;0
3104;1
3109;0
3118;0
3119;0
3121;0
3122;1
3136;0
3139;1
3144;1
3150;0
3158;0
3163;1
3169;0
3172;1
3177;0
3179;0
3185;0
3188;1
3190;0
3192;1
3203;0
3206;1
3212;0
3217;0
3220;0
3221;0
3227;1
3239;0
3242;1
3246;0
3247;1
3251;1
3255;0
3257;0
3259;0
3267;0
3270;0
3276;0
3281;0
3283;0
3286;0
3290;1
3291;1
3295;0
3297;1
3311;1
3317;0
3318;0
3321;1
3324;1
3330;0
3334;0
3335;1
3337;0
3343;1
3345;1
3347;1
3354;0
3368;0
3370;0
3379;1
3388;0
3391;1
3399;0
3405;1
3407;0
3408;0
3409;0
3410;0
3411;0
3412;0
3420;1
3426;1
3428;1
3436;0
3441;0
3442;0
3443;0
3448;1
3451;0
3452;0
3453;1
3454;1
3459;1
3463;0
3464;0
3467;1
3470;1
3472;0
3480;1
3490;0
3491;1
3496;0
3498;1
3501;0
3502;1
3505;1
3509;0
3519;0
3521;0
3522;1
3525;1
3531;0
3535;0
3537;0
3559;1
3562;1
3567;0
3570;1
3574;1
3579;1
3589;0
3590;1
3599;1
3603;0
3605;0
3607;1
3609;0
3610;1
3612;0
3614;0
3616;0
3621;0
3622;0
3627;0
3629;0
3632;0
3633;0
3634;0
3635;0
3636;0
3641;1
3643;0
3651;1
3653;0
3655;0
3659;1
3661;0
3663;0
3667;0
3669;0
3685;1
3690;0
3694;1
3700;0
3705;0
3706;1
3708;1
3720;0
3724;0
3725;1
3732;1
3737;1
3741;0
3746;1
3747;0
3748;1
3753;0
3757;0
3763;1
3764;1
3765;1
3766;1
3767;1
3768;0
3769;1
3777;0
3785;1
3787;1
3795;0
3810;0
3811;0
3812;1
3814;0
3831;0
3835;1
3837;0
3839;1
3840;1
3841;0
3845;1
3847;1
3850;0
3852;0
3855;0
3856;1
3860;1
3867;0
3871;0
3874;1
3891;1
3894;1
3897;0
3902;1
3903;0
3904;1
3905;1
3906;0
3909;0
3919;0
3921;0
3924;0
3925;0
3930;0
3931;0
3933;0
3940;0
3948;0
3949;1
3954;1
3958;0
3963;1
3977;0
3979;1
3980;0
3984;0
3986;0
3987;0
3988;0
3999;0
4009;0
4013;1
4014;1
4020;0
4021;1
4024;0
4029;1
4030;0
4032;0
4034;0
4036;1
4038;1
4043;0
4047;1
4050;0
4053;1
4054;0
4055;0
4061;1
4066;1
4068;1
4071;0
4077;0
4082;0
4083;1
4088;0
4094;0
4107;0
4118;0
4127;0
4134;1
4138;1
4145;0
4166;0
4170;1
4184;1
4192;0
4195;0
4202;0
4204;1
4207;1
4212;1
4217;0
4219;1
4235;0
4236;0
4240;0
4241;0
4243;1
4250;0
4251;0
4256;1
4278;1
4288;1
4295;0
4296;0
4297;0
4299;0
4300;0
4302;0
4303;0
4304;0
4305;0
4306;0
4307;0
4309;1
4310;0
4311;0
4312;0
4314;0
4315;0
4316;0
4317;0
4320;0
4321;0
4322;0
4326;0
4329;0
4333;0
4334;0
4337;0
4338;0
4339;0
4340;0
4341;0
4342;0
4343;0
4345;0
4351;0
4358;0
4362;0
4363;0
4375;0
4377;0
4378;0
4382;0
4383;0
4385;0
4386;1
4389;0
4390;0
4394;0
4402;0
4405;0
4411;0
4412;0
4417;0
4418;0
4421;0
4425;0
4428;0
4433;0
4441;0
4444;0
4448;0
4449;0
4452;0
4456;0
4458;0
4461;0
4462;0
4465;0
4466;0
4472;0
4474;0
4476;0
4481;0
4486;0
4489;1
4496;0
4513;0
4515;0
4519;0
4520;0
4527;1
4532;0
4534;0
4545;0
4547;0
4557;0
4568;1
4571;1
4578;0
4588;1
4591;0
4593;0
4605;0
4613;1
4622;0
4630;0
4635;0
4640;0
4643;0
4650;0
4655;0
4658;0
4660;0
4671;1
4674;0
4687;0
4698;0
4717;0
4718;0
4719;1
4722;0
4724;0
4725;0
4728;0
4741;0
4745;0
4754;0
4761;0
4768;0
4777;1
4781;0
4787;1
4789;0
4792;0
4793;0
4797;0
4804;0
4825;0
4828;1
4838;0
4841;0
4842;1
4844;0
4853;0
4856;0
4860;1
4866;0
4867;0
4869;0
4873;0
4874;0
4880;0
4893;0
4895;0
4897;0
4899;1
4903;0
4923;1
4925;0
4927;0
4938;0
4952;1
4957;0
4960;0
4977;0
4982;0
4984;1
4989;0
4990;1
4992;1
4995;0
5002;0
5006;0
5017;0
5019;0
5022;0
5040;0
5045;1
5048;1
5051;0
5052;0
5061;1
5084;0
5086;0
5095;0
5097;0
5098;1
5112;0
5113;0
5119;0
5126;0
5136;0
5150;0
5155;0
5164;1
5175;0
5188;0
5192;1
5197;1
5199;0
5206;0
5213;1
5222;0
5224;0
5247;1
5251;0
5276;0
5277;0
5278;0
5279;1
5286;1
5287;0
5298;0
5301;1
5306;0
5321;0
5324;0
5339;0
5343;0
5352;0
5353;0
5358;0
5361;1
5365;0
5366;0
5371;0
5374;1
5376;0
5380;0
5381;0
5382;0
5384;1
5387;0
5400;0
5402;0
5408;0
5415;0
5416;0
5417;0
5419;0
5422;0
5424;0
5427;0
5428;0
5429;1
5430;0
5434;0
5436;0
5438;0
5443;0
5445;0
5446;0
5447;0
5448;1
5450;0
5451;0
5457;0
5458;0
5462;0
5463;0
5465;0
5469;0
5473;0
5481;0
5483;0
5487;0
5488;0
5489;0
5491;0
5494;0
5495;0
5496;0
5498;0
5510;0
5513;0
5539;0
5545;0
5546;0
5547;1
5556;0
5561;0
5562;0
5563;0
5569;0
5577;0
5589;0
5592;1
5595;0
5599;0
5601;0
5605;0
5617;0
5623;1
5625;1
5632;0
5635;1
5636;0
5637;0
5641;1
5648;0
5650;0
5661;0
5664;0
5670;0
5679;0
5682;0
5687;0
5689;0
5695;0
5703;0
5705;1
5709;0
5711;0
5722;0
5727;0
5729;0
5730;1
5740;0
5742;0
5750;0
5755;0
5761;0
5764;0
5773;0
5779;0
5782;0
5783;0
5791;0
5795;0
5797;0
5803;0
5805;0
5810;0
5814;0
5815;0
5828;0
5833;1
5834;0
5837;0
5846;0
5854;0
5855;1
5856;1
5879;0
5881;0
5883;0
5886;0
5887;0
5888;0
5890;0
5895;0
5896;0
5897;0
5898;0
5899;0
5901;0
5905;0
5908;0
5911;0
5916;0
5919;0
5920;0
5928;0
5929;0
5936;0
5939;0
5955;0
5957;0
5958;0
5962;0
5965;0
5968;0
5974;0
5989;0
5999;0
6001;0
6005;0
6007;0
6030;0
6033;0
6040;0
6057;0
6062;0
6070;1
6078;1
6080;1
6085;1
6103;0
6111;0
6120;0
6123;0
6133;0
6146;0
6147;0
6148;0
6152;0
6153;0
6158;0
6177;0
6187;0
6188;0
6189;0
6190;1
6195;0
6198;0
6200;0
6204;0
6205;0
6206;0
6210;0
6211;0
6212;0
6214;0
6216;0
6221;0
6222;0
6224;0
6226;0
6227;1
6228;0
6229;1
6230;0
6231;0
6233;0
6234;0
6236;0
6239;0
6244;1
6246;0
6251;0
6252;0
6254;0
6265;0
6270;0
6272;0
6275;0
6276;0
6277;0
6279;0
6280;0
6282;0
6285;0
6286;0
6288;0
6291;0
6298;0
6299;0
6301;0
6303;0
6307;0
6309;1
6310;0
6313;0
6316;0
6318;0
6320;0
6322;0
6323;0
6324;0
6325;0
6329;0
6331;0
6332;0
6334;0
6337;0
6339;0
6340;0
6341;0
6342;0
6343;0
6344;0
6345;0
6352;0
6353;1
6354;0
6357;0
6363;0
6365;0
6366;0
6369;0
6370;0
6371;0
6373;0
6374;0
6375;0
6376;1
6380;0
6381;0
6382;0
6383;0
6384;0
6385;0
6386;0
6387;0
6388;0
6390;0
6392;0
6393;0
6394;0
6396;0
6399;1
6400;0
6401;0
6402;0
6403;0
6404;0
6406;0
6408;0
6410;0
6418;0
6419;0
6422;0
6423;0
6427;0
6429;0
6431;0
6433;0
6434;1
6435;0
6437;0
6438;0
6440;0
6449;0
6451;0
6455;0
6457;0
6458;0
6459;0
6462;0
6467;0
6469;0
6470;0
6471;0
6473;0
6474;0
6475;0
6476;0
6481;0
6482;0
6483;0
6485;0
6492;0
6493;1
6494;0
6495;0
6496;0
6498;0
6501;0
6503;0
6504;0
6507;0
6508;0
6510;0
6511;0
6512;0
6514;0
6515;0
6516;0
6517;0
6525;0
6527;0
6528;0
6529;0
6535;1
6538;0
6544;1
6547;0
6553;0
6560;0
6562;0
6564;0
6565;0
6566;0
6570;0
6571;0
6572;1
6575;0
6576;0
6577;0
6587;0
6589;0
6590;0
6594;0
6595;0
6597;0
6598;0
6599;0
6600;0
6603;0
6605;0
6617;0
6623;0
6632;0
6634;0
6640;0
6642;0
6648;0
6650;0
6651;0
6666;0
6667;0
6673;0
6679;1
6681;1
6694;0
6696;1
6708;0
6709;0
6713;0
6719;0
6735;0
6738;0
6741;0
6761;0
6780;0
6782;0
6783;0
6787;1
6788;1
6792;0
6798;0
6801;0
6805;0
6816;1
6818;1
6837;0
6840;0
6846;0
6850;1
6858;0
6859;0
6897;0
6902;1
6905;0
6926;0
6928;1
6931;0
6932;0
6939;0
6968;0
6973;0
6984;0
6986;1
6987;0
6991;0
6995;0
6999;0
7000;0
7005;1
7011;0
7018;0
7022;0
7030;0
7034;0
7048;0
7051;0
7055;0
7056;0
7057;0
7060;1
7062;0
7069;1
7071;0
7075;0
7077;1
7082;1
7091;1
7105;0
7109;0
7120;0
7136;0
7144;0
7145;0
7149;0
7151;0
7155;0
7169;0
7171;0
7175;1
7178;0
7180;0
7206;0
7209;0
7211;0
7212;0
7222;0
7239;0
7246;0
7248;1
7266;0
7270;0
7273;0
7274;0
7286;0
7317;0
7323;0
7328;0
7339;0
7342;0
7344;0
7345;0
7351;0
7353;0
7356;0
7369;1
7387;0
7392;0
7398;0
7405;1
7418;0
7421;1
7425;1
7429;0
7446;0
7455;0
7456;1
7459;0
7471;0
7492;1
7511;0
7513;0
7515;1
7523;0
7530;0
7553;0
7554;0
7556;1
7560;0
7567;0
7576;0
7577;0
7586;0
7587;0
7589;0
7591;0
7599;0
7602;0
7611;1
7613;0
7621;0
7627;1
7638;0
7648;1
7657;1
7675;0
7692;1
7705;0
7715;1
7718;0
7720;0
7728;0
7736;0
7743;0
7746;1
7761;0
7770;1
7777;0
7782;1
7783;0
7792;0
7806;0
7807;0
7808;0
7812;0
7814;0
7818;0
7826;0
7827;1
7831;1
7835;0
7837;0
7844;0
7847;0
7848;0
7851;0
7852;0
7856;0
7868;0
7873;1
7874;1
7875;0
7877;0
7878;0
7879;1
7883;0
7887;0
7890;0
7891;1
7894;0
7932;0
7936;0
7939;0
7941;0
7944;0
7950;0
7951;1
7961;0
7963;0
7976;1
7978;0
7980;0
7989;0
7992;0
8007;0
8009;0
8025;1
8056;1
8058;0
8059;0
8065;0
8079;0
8082;0
8096;0
8107;0
8109;0
8111;0
8119;0
8124;0
8128;0
8129;1
8130;0
8135;0
8136;0
8160;0
8162;0
8169;0
8191;0
8192;0
8199;0
8215;0
8239;0
8253;0
8256;0
8275;0
8281;0
8283;0
8284;0
8288;0
8291;0
8296;0
8305;0
8326;0
8329;0
8335;0
8353;0
8354;0
8355;0
8359;0
8368;0
8370;0
8372;0
8378;0
8389;0
8393;0
8408;0
8409;0
8411;1
8414;0
8427;0
8429;0
8430;0
8431;1
8444;0
8447;0
8460;0
8470;0
8483;0
8484;0
8488;0
8490;0
8493;0
8496;0
8505;1
8506;0
8515;0
8516;0
8532;0
8540;0
8559;0
8573;0
8574;0
8586;0
8587;0
8590;0
8596;0
8618;0
8620;0
8625;0
8626;0
8632;0
8639;0
8643;0
8649;0
8654;0
8656;0
8657;0
8658;0
8660;1
8664;0
8665;0
8667;0
8670;0
8671;0
8676;0
8679;0
8680;0
8682;0
8685;1
8686;0
8687;0
8688;0
8693;0
8694;0
8695;0
8697;0
8705;0
8707;0
8708;0
8711;0
8715;0
8720;0
8725;0
8730;0
8732;0
8736;0
8737;0
8741;0
8742;1
8743;0
8750;0
8752;0
8753;0
8755;0
8759;0
8764;0
8766;0
8768;0
8769;0
8771;0
8773;0
8775;0
8776;0
8779;0
8782;0
8783;0
8784;0
8785;0
8786;0
8787;0
8790;0
8792;0
8793;0
8794;0
8797;0
8802;0
8804;0
8809;0
8815;0
8819;0
8820;0
8823;0
8826;0
8829;0
8836;1
8837;0
8840;1
8855;0
8857;0
8859;0
8879;0
8885;0
8888;0
8891;0
8899;0
8900;0
8903;0
8917;0
8918;0
8920;0
8922;0
8923;0
8925;1
8930;0
8931;0
8938;0
8939;0
8966;0
8968;0
8970;1
8972;0
8974;0
8982;1
8994;0
8998;0
9000;0
9004;0
9009;0
9012;0
9024;0
9025;0
9040;0
9043;1
9058;1
9060;0
9063;1
9066;1
9067;0
9069;0
9077;1
9080;0
9091;0
9092;0
9095;0
9096;0
9102;0
9105;0
9109;0
9124;0
9148;0
9154;0
9158;0
9164;0
9171;0
9172;0
9176;0
9177;0
9178;0
9179;0
9180;0
9182;1
9183;0
9185;0
9188;0
9190;0
9191;0
9195;0
9196;0
9197;0
9198;0
9200;0
9202;1
9208;0
9210;0
9212;0
9214;0
9218;0
9219;0
9221;0
9222;0
9223;0
9224;0
9228;0
9229;0
9232;0
9234;0
9238;0
9239;0
9241;0
9242;0
9244;0
9246;0
9250;0
9251;0
9252;0
9261;0
9264;0
9265;0
9266;0
9267;0
9268;0
9270;0
9273;0
9276;1
9277;0
9278;0
9281;1
9284;0
9292;0
9294;0
9296;0
9300;0
9301;0
9302;0
9304;0
9306;0
9309;0
9310;0
9311;0
9314;0
9317;0
9318;0
9319;0
9320;0
9321;0
9322;0
9324;0
9326;0
9327;0
9328;0
9334;0
9335;0
9336;0
9340;0
9341;0
9343;0
9344;0
9345;0
9349;0
9350;0
9351;0
9353;0
9355;1
9360;0
9362;0
9367;0
9371;0
9372;0
9374;0
9375;1
9376;0
9380;0
9381;0
9382;1
9386;0
9387;0
9388;0
9390;0
9393;0
9396;0
9401;0
9403;0
9405;0
9408;0
9412;0
9413;0
9418;0
9422;0
9424;0
9426;0
9430;0
9431;0
9432;0
9440;0
9441;0
9443;0
9458;1
9463;0
9469;1
9481;0
9484;0
9486;1
9496;0
9500;1
9509;1
9533;0
9535;0
9543;0
9566;0
9576;0
9592;0
9600;0
9604;0
9607;0
9608;0
9612;0
9619;0
9637;1
9645;0
9653;0
9663;1
9667;0
9676;0
9677;0
9678;0
9681;0
9682;0
9683;0
9687;0
9690;0
9699;1
9701;0
9718;1
9722;0
9726;1
9736;0
9738;0
9744;0
9745;0
9750;1
9760;0
9769;0
9775;0
9781;0
9786;0
9789;0
9800;0
9803;0
9812;0
9814;1
9828;1
9829;1
9837;0
9840;0
9841;1
9845;0
9855;1
9879;0
9888;0
9889;0
9891;0
9892;0
9894;1
9905;0
9908;0
9909;0
9911;0
9914;0
9916;0
9919;0
9922;0
9923;0
9924;0
9927;0
9929;0
9931;0
9934;0
9935;0
9939;0
9946;0
9947;0
9948;0
9949;0
9950;0
9954;0
9955;0
9957;0
9960;0
9963;0
9965;0
9966;1
9968;0
9970;0
9971;0
9972;0
9977;0
9978;0
9981;0
9982;0
9984;0
9987;0
9990;0
9994;0
9995;0
9997;0
9999;0
10001;0
10002;0
10005;0
10008;0
10012;0
10019;0
10023;0
10025;0
10028;0
10029;0
10039;0
10049;0
10051;0
10055;0
10058;0
10059;0
10062;0
10072;0
10073;0
10081;0
10083;0
10088;0
10092;0
10096;0
10097;0
10099;0
10107;0
10108;0
10110;0
10111;0
10114;0
10115;0
10123;0
10125;0
10126;0
10130;1
10134;0
10135;0
10137;0
10140;0
10143;0
10150;1
10155;0
10167;0
10173;1
10177;0
10179;0
10181;0
10183;0
10186;1
10191;0
10194;1
10200;0
10202;0
10206;0
10207;0
10215;0
10218;0
10228;0
10229;0
10241;0
10244;1
10245;0
10254;0
10258;0
10261;0
10263;0
10267;0
10284;1
10289;0
10290;0
10294;0
10295;0
10299;0
10307;1
10316;0
10319;0
10323;0
10325;0
10328;1
10335;0
10338;0
10339;0
10358;0
10374;0
10375;1
10376;0
10378;0
10383;0
10384;0
10385;0
10394;1
10405;0
10411;0
10414;0
10420;1
10422;0
10426;0
10428;0
10438;0
10440;0
10442;0
10450;0
10452;0
10454;1
10466;0
10470;0
10471;1
10473;0
10480;1
10491;0
10493;0
10502;0
10504;0
10517;1
10520;0
10526;0
10533;0
10534;0
10539;0
10564;0
10565;0
10580;1
10599;0
10605;0
10618;0
10622;0
10625;0
10635;1
10637;0
10642;0
10649;0
10658;0
10666;1
10673;0
10681;0
10682;0
10705;0
10708;0
10709;1
10714;1
10716;0
10723;0
10726;0
10730;1
10734;0
10738;0
10743;0
10749;0
10751;0
10760;0
10764;0
10783;1
10793;0
10799;0
10803;0
10833;0
10836;1
10843;0
10852;1
10866;0
10900;0
10916;0
10933;0
10956;0
10963;0
10965;0
10974;0
10988;1
10997;0
11004;0
11011;0
11018;0
11025;0
11028;1
11050;0
11066;0
11072;0
11080;0
11084;0
11087;0
11090;0
11100;0
11105;0
11110;0
11117;0
11118;0
11121;0
11123;1
11142;0
11151;1
11154;0
11174;0
11183;0
11193;0
11215;1
11219;0
11221;1
11242;0
11248;0
11253;0
11256;0
11264;1
11265;0
11283;0
11286;0
11292;0
11295;1
11300;0
11301;1
11313;0
11316;0
11325;0
11347;1
11350;0
11356;1
11362;1
11364;0
11367;1
11370;0
11384;0
11386;0
11398;1
11410;0
11415;0
11447;1
11449;0
11455;0
11473;0
11479;0
11480;0
11484;0
11491;0
11498;0
11499;0
11502;0
11512;0
11519;1
11528;0
11530;0
11531;0
11537;0
11538;0
11539;0
11544;0
11556;0
11557;0
11566;0
11570;0
11574;0
11578;0
11582;0
11585;0
11587;0
11600;0
11602;0
11621;0
11627;0
11639;0
11640;0
11648;1
11652;0
11653;0
11658;0
11669;0
11672;0
11673;1
11679;0
11682;0
11694;0
11699;0
11705;0
11709;0
11711;0
11714;0
11728;0
11744;0
11748;0
11754;0
11760;1
11770;1
11777;0
11780;0
11784;0
11787;1
11788;0
11796;0
11802;0
11804;0
11805;0
11823;0
11829;0
11831;0
11832;0
11835;0
11847;0
11853;0
11869;1
11877;0
11892;0
11929;1
11934;0
11936;0
11947;0
11952;0
11955;0
11958;1
11975;0
11976;0
11982;0
11993;0
12024;0
12026;0
12027;0
12028;0
12042;0
12045;1
12050;0
12062;0
12068;1
12076;0
12080;0
12082;0
12085;0
12093;0
12117;0
12120;0
12128;0
12130;0
12133;0
12137;0
12140;1
12147;0
12155;0
12173;0
12175;0
12176;0
12177;1
12182;0
12186;0
12190;0
12192;1
12193;0
12201;0
12209;0
12227;0
12228;1
12236;1
12244;1
12248;1
12249;0
12251;0
12264;0
12275;1
12278;0
12281;1
12284;0
12286;0
12306;0
12317;0
12319;0
12320;0
12330;1
12332;0
12334;0
12336;0
12350;0
12351;0
12355;0
12363;0
12365;1
12372;0
12376;0
12382;0
12385;0
12386;0
12390;0
12392;0
12397;0
12398;0
12400;0
12401;0
12405;0
12408;0
12411;1
12436;1
12456;0
12460;0
12468;0
12471;0
12477;0
12478;0
12479;1
12484;0
12486;0
12492;1
12493;0
12498;1
12505;0
12509;0
12513;0
12520;0
12531;1
12545;0
12548;0
12555;0
12559;0
12560;0
12561;0
12562;1
12563;0
12564;1
12566;1
12568;1
12590;1
12595;0
12596;0
12597;0
12605;0
12606;0
12622;0
12625;0
12630;0
12641;0
12642;0
12643;0
12645;0
12651;0
12652;0
12653;0
12655;0
12657;0
12658;0
12661;0
12663;0
12668;0
12670;0
12671;0
12673;0
12675;0
12676;0
12681;0
12684;0
12687;0
12688;0
12689;0
12692;0
12695;0
12702;0
12705;0
12709;0
12711;0
12716;0
12717;0
12721;0
12722;0
12725;0
12727;0
12730;0
12731;0
12733;0
12735;0
12737;0
12738;0
12740;1
12744;0
12745;0
12746;0
12747;0
12748;0
12750;0
12751;0
12755;0
12757;0
12761;0
12763;0
12767;0
12768;0
12769;0
12771;0
12772;0
12774;0
12775;0
12776;0
12789;0
12791;0
12793;0
12795;0
12798;0
12800;0
12803;0
12805;0
12815;0
12817;0
12818;0
12821;0
12823;0
12824;0
12825;0
12826;0
12827;0
12828;0
12829;0
12830;0
12832;0
12833;0
12834;0
12836;0
12837;0
12841;0
12842;0
12844;0
12855;0
12857;0
12858;0
12861;0
12863;0
12864;0
12865;0
12867;0
12868;0
12870;0
12872;0
12873;0
12874;0
12875;1
12877;0
12878;0
12879;0
12882;0
12886;0
12888;0
12890;0
12891;0
12892;0
12894;0
12903;0
12906;0
12907;0
12909;0
12910;0
12913;0
12915;0
12920;0
12922;0
12924;0
12925;0
12929;0
12931;0
12932;0
12935;0
12937;0
12939;0
12941;1
12942;0
12943;0
12952;0
12956;0
12957;0
12961;0
12963;0
12968;0
12971;1
12972;1
12978;0
12988;0
12991;0
12993;1
12998;0
12999;0
13005;0
13036;0
13045;0
13056;0
13058;0
13061;1
13062;0
13064;0
13066;1
13075;0
13094;0
13101;0
13103;0
13105;0
13117;0
13120;0
13132;0
13136;0
13140;0
13141;0
13157;0
13166;1
13173;1
13175;1
13181;0
13183;0
13184;0
13193;0
13201;0
13202;0
13208;0
13211;0
13218;0
13222;0
13227;0
13232;0
13239;1
13240;1
13245;0
13262;1
13265;0
13269;0
13277;0
13280;1
13283;0
13286;0
13289;0
13295;0
13297;0
13298;0
13306;0
13307;0
13320;0
13332;0
13344;0
13355;0
13363;0
13366;0
13367;0
13368;0
13374;1
13383;1
13385;1
13387;0
13409;0
13410;0
13435;0
13441;1
13446;0
13473;1
13475;1
13488;0
13494;0
13497;0
13499;1
13503;0
13504;1
13536;0
13541;1
13547;0
13550;0
13576;0
13581;0
13591;0
13596;0
13597;0
13599;0
13605;0
13606;0
13607;0
13610;0
13611;1
13612;0
13613;0
13616;0
13617;0
13619;0
13623;1
13624;0
13625;0
13630;0
13631;0
13632;0
13641;0
13643;0
13649;0
13656;1
13692;0
13706;1
13710;0
13712;1
13716;0
13717;1
13720;0
13723;0
13724;0
13734;0
13736;0
13742;1
13743;1
13748;0
13757;0
13762;1
13763;0
13766;0
13777;0
13794;0
13798;0
13800;1
13812;1
13813;0
13816;0
13817;0
13819;1
13824;0
13826;0
13833;0
13834;0
13838;0
13844;0
13852;1
13854;0
13865;0
13867;0
13883;0
13893;0
13894;1
13897;0
13898;1
13936;0
13938;0
13939;0
13962;0
13969;0
13979;0
13982;1
13986;1
13988;0
13994;0
14043;0
14049;0
14052;0
14055;1
14059;0
14063;0
14064;1
14074;1
14088;1
14098;0
14102;0
14108;0
14113;0
14114;0
14117;1
14119;0
14122;0
14127;0
14134;0
14137;0
14140;0
14147;0
14160;0
14162;0
14170;1
14204;1
14211;0
14219;0
14220;0
14229;0
14252;0
14253;1
14257;0
14269;0
14276;0
14289;0
14302;0
14308;1
14314;0
14334;1
14339;1
14349;0
14352;1
14359;1
14368;0
14396;0
14399;0
14408;0
14411;0
14432;0
14437;0
14440;1
14442;0
14446;1
14449;0
14473;0
14476;1
14485;0
14488;0
14492;1
14493;0
14495;0
14498;0
14499;0
14502;0
14504;0
14506;0
14507;0
14508;0
14509;0
14514;1
14515;0
14521;0
14522;0
14523;0
14527;0
14528;0
14531;0
14533;0
14534;0
14540;0
14541;0
14542;0
14543;0
14544;0
14545;0
14548;1
14551;0
14558;0
14562;0
14565;0
14582;0
14584;0
14585;0
14589;0
14596;0
14600;0
14625;0
14630;1
14645;0
14654;0
14655;0
14672;0
14681;0
14684;0
14695;0
14696;0
14697;0
14707;0
14722;0
14723;0
14732;0
14743;0
14750;0
14757;1
14763;1
14769;1
14776;1
14789;1
14791;0
14795;1
14799;0
14801;1
14806;0
14810;0
14811;0
14817;0
14824;0
14828;0
14859;1
14865;0
14872;0
14874;0
14876;1
14878;0
14893;0
14895;0
14900;0
14913;0
14922;0
14924;0
14946;0
14948;1
14954;0
14965;0
14973;0
14981;0
14988;0
14989;0
14990;0
15006;0
15017;0
15022;0
15025;0
15027;0
15038;0
15041;0
15042;0
15054;0
15055;0
15079;0
15097;0
15098;0
15099;1
15107;0
15123;0
15134;0
15138;1
15143;0
15145;0
15147;0
15157;0
15169;0
15176;1
15184;0
15186;1
15191;0
15196;0
15197;1
15199;0
15200;1
15218;0
15220;0
15221;0
15222;1
15225;0
15229;0
15239;0
15249;0
15258;0
15259;1
15272;0
15276;0
15282;0
15289;0
15312;1
15314;0
15315;1
15321;0
15323;0
15331;1
15336;0
15338;0
15350;0
15365;0
15376;1
15382;0
15385;0
15394;0
15395;1
15404;0
15410;0
15423;0
15428;0
15430;0
15434;0
15439;0
15454;0
15471;0
15472;0
15476;0
15477;1
15483;0
15492;0
15499;0
15505;1
15512;0
15517;0
15518;1
15522;0
15523;1
15525;0
15531;1
15534;0
15542;0
15544;0
15546;0
15562;0
15563;0
15578;0
15579;0
15582;0
15587;0
15597;0
15617;0
15619;0
15621;1
15622;0
15631;0
15635;1
15640;0
15645;0
15648;0
15656;0
15682;0
15687;0
15695;0
15701;1
15708;1
15716;0
15726;0
15732;0
15734;1
15757;0
15769;0
15770;0
15787;0
15788;1
15791;0
15800;0
15802;0
15817;0
15830;0
15838;0
15844;0
15864;0
15870;0
15873;0
15878;0
15882;0
15886;0
15894;0
15933;0
15940;0
15945;0
15954;1
15959;0
15963;0
15971;0
15983;0
16000;0
16007;0
16040;0
16044;0
16048;0
16055;1
16063;0
16065;1
16105;0
16113;0
16117;0
16139;0
16159;0
16160;0
16162;1
16168;0
16173;0
16217;0
16218;1
16230;0
16235;0
16236;0
16250;1
16252;0
16254;0
16259;0
16261;1
16262;0
16272;0
16296;0
16305;0
16308;0
16314;0
16321;1
16326;0
16333;0
16337;0
16359;1
16364;0
16379;0
16380;1
16398;0
16405;0
16407;0
16411;0
16413;0
16414;1
16423;1
16426;0
16427;0
16431;0
16442;0
16445;0
16457;0
16458;0
16467;0
16468;0
16480;0
16483;0
16486;0
16490;0
16494;0
16497;0
16501;0
16503;0
16504;0
16505;0
16506;0
16513;0
16516;0
16517;0
16518;0
16519;0
16520;0
16521;0
16524;0
16527;0
16532;0
16539;0
16541;0
16545;0
16546;0
16551;0
16552;0
16555;0
16557;0
16558;0
16559;0
16564;0
16572;1
16575;0
16579;0
16581;0
16585;0
16587;0
16591;0
16593;1
16594;0
16595;0
16603;0
16605;0
16606;0
16609;0
16611;0
16612;0
16614;0
16615;0
16616;0
16619;0
16620;0
16623;0
16624;0
16625;0
16626;0
16629;0
16630;0
16635;0
16642;0
16643;0
16644;0
16646;0
16653;0
16654;0
16656;0
16662;0
16667;0
16668;0
16669;0
16671;0
16672;0
16673;0
16674;1
16675;0
16676;0
16677;0
16683;0
16684;1
16687;0
16688;0
16689;0
16691;0
16692;0
16693;0
16697;0
16698;0
16702;0
16705;0
16707;0
16708;0
16715;0
16720;0
16726;0
16728;0
16729;0
16733;0
16734;0
16736;0
16737;0
16739;0
16741;0
16744;0
16752;0
16753;0
16776;0
16779;0
16781;0
16784;0
16787;0
16788;0
16791;1
16795;0
16796;0
16798;0
16809;0
16813;0
16818;0
16821;1
16823;0
16824;0
16828;0
16848;0
16865;0
16866;0
16867;0
16869;0
16871;0
16880;0
16881;0
16885;0
16886;0
16887;0
16893;0
16915;0
16919;0
16920;0
16921;1
16923;0
16934;1
16937;0
16944;1
16953;0
16964;1
16975;0
16978;0
16979;0
16983;1
16987;0
16988;0
16994;0
17007;0
17009;1
17025;0
17044;0
17051;0
17057;0
17059;0
17068;0
17075;0
17078;0
17085;1
17088;0
17097;0
17098;0
17118;0
17125;0
17128;1
17130;0
17144;0
17157;0
17164;0
17175;0
17176;0
17188;0
17189;1
17209;0
17211;1
17229;1
17235;0
17236;0
17238;1
17240;0
17244;0
17247;1
17261;0
17267;0
17271;0
17273;0
17279;1
17280;0
17283;1
17293;0
17294;0
17300;0
17310;0
17333;1
17339;0
17371;0
17404;0
17410;0
17414;0
17419;0
17422;0
17423;0
17428;0
17431;0
17432;0
17433;0
17435;0
17441;0
17446;0
17448;0
17463;0
17466;1
17473;1
17475;0
17478;0
17485;0
17490;1
17496;0
17507;0
17508;0
17513;1
17514;0
17524;0
17525;0
17532;1
17547;1
17548;0
17550;0
17555;0
17557;1
17558;1
17559;0
17569;0
17578;0
17580;1
17593;0
17604;1
17605;0
17616;0
17636;0
17647;0
17654;0
17656;0
17657;0
17664;1
17666;0
17668;0
17669;1
17683;1
17690;0
17693;0
17696;0
17702;1
17709;0
17721;1
17723;0
17731;0
17740;0
17742;0
17750;1
17753;0
17756;1
17762;0
17763;0
17779;0
17782;1
17791;0
17793;0
17801;0
17805;0
17820;0
17823;0
17826;0
17831;0
17835;0
17848;0
17857;0
17865;0
17870;1
17873;0
17878;0
17885;0
17893;0
17912;1
17928;0
17951;0
17953;0
17954;0
17977;1
17981;0
18002;0
18011;0
18020;0
18022;0
18027;0
18036;0
18037;0
18053;0
18062;0
18065;1
18066;0
18068;1
18073;0
18081;0
18082;0
18088;1
18090;0
18093;0
18095;0
18102;0
18103;0
18110;0
18112;0
18113;0
18114;0
18129;0
18138;1
18178;0
18187;0
18188;0
18211;0
18217;0
18219;0
18226;1
18227;0
18229;0
18238;0
18242;0
18259;0
18260;0
18263;0
18274;1
18287;0
18292;0
18296;0
18306;0
18309;1
18313;0
18321;0
18322;0
18323;1
18326;0
18327;0
18328;0
18337;1
18338;0
18351;0
18364;0
18367;1
18373;1
18374;0
18391;1
18394;0
18407;0
18414;0
18416;0
18431;0
18440;0
18444;1
18451;0
18456;0
18473;0
18487;0
18510;0
18512;0
18516;0
18527;1
18530;0
18542;0
18547;0
18551;1
18553;0
18555;0
18557;0
18558;0
18560;0
18563;0
18564;0
18566;0
18568;0
18590;0
18591;0
18595;0
18598;0
18611;1
18614;0
18624;1
18625;0
18634;0
18640;1
18649;1
18653;0
18657;0
18663;0
18667;0
18673;0
18676;0
18695;0
18700;0
18706;1
18711;0
18714;1
18718;1
18741;0
18748;0
18749;0
18757;0
18766;1
18773;0
18781;1
18792;0
18805;0
18811;0
18813;0
18817;0
18822;1
18826;1
18834;0
18850;0
18857;0
18862;0
18863;1
18875;1
18881;0
18886;0
18889;0
18893;0
18896;1
18901;0
18909;0
18915;0
18918;0
18920;0
18923;1
18924;0
18930;0
18931;0
18935;0
18947;1
18962;1
18981;0
18990;0
18991;0
18994;0
19002;0
19003;0
19008;1
19016;0
19019;0
19034;0
19046;0
19060;0
19081;0
19095;1
19097;0
19101;1
19103;0
19111;0
19119;0
19123;0
19134;0
19145;0
19150;1
19157;1
19159;0
19181;0
19188;0
19200;0
19206;0
19207;0
19208;0
19215;0
19222;1
19240;0
19252;0
19263;0
19293;0
19300;0
19319;1
19323;0
19328;0
19331;1
19337;0
19342;0
19346;0
19356;1
19357;0
19358;0
19363;0
19365;1
19371;1
19384;0
19386;0
19394;0
19401;1
19402;1
19405;0
19407;0
19410;0
19413;1
19431;0
19432;0
19436;0
19443;0
19445;0
19458;0
19466;0
19467;0
19471;0
19474;0
19479;0
19494;0
19495;0
19509;0
19542;0
19544;1
19555;0
19564;0
19571;0
19574;0
19579;0
19590;0
19597;0
19598;0
19599;0
19607;0
19612;0
19614;0
19626;1
19628;0
19660;0
19680;1
19685;1
19686;0
19693;1
19700;0
19703;0
19707;0
19709;0
19712;1
19714;1
19723;0
19730;0
19731;0
19744;1
19745;0
19746;0
19759;0
19771;1
19776;0
19782;1
19786;0
19794;0
19802;0
19803;0
19810;1
19812;0
19821;0
19822;0
19829;0
19835;0
19849;0
19869;0
19895;0
19907;0
19914;0
19921;0
19927;0
19941;1
19956;1
19957;0
19965;0
19968;0
19974;0
19982;0
19995;0
20006;0
20010;0
20011;0
20016;0
20017;0
20019;0
20026;0
20030;1
20035;0
20046;1
20054;0
20068;0
20082;0
20097;0
20099;0
20122;0
20123;0
20129;0
20132;1
20138;0
20155;0
20157;0
20158;1
20171;1
20173;0
20174;0
20177;0
20178;1
20180;1
20186;0
20188;0
20219;0
20220;0
20226;0
20230;0
20232;0
20234;0
20235;0
20237;0
20250;0
20256;0
20257;0
20258;0
20259;0
20260;0
20262;0
20264;0
20265;0
20266;0
20268;0
20269;0
20270;0
20275;0
20276;0
20279;0
20280;1
20283;0
20295;0
20297;0
20299;0
20302;0
20307;0
20312;0
20313;0
20314;0
20315;0
20317;0
20318;0
20319;1
20321;0
20323;0
20325;0
20327;0
20329;1
20336;0
20338;1
20340;0
20341;0
20343;0
20344;0
20346;0
20347;0
20351;0
20352;0
20354;0
20356;0
20358;0
20360;0
20361;0
20364;0
20365;0
20366;0
20372;0
20373;0
20377;0
20378;0
20380;0
20383;0
20386;0
20387;0
20388;0
20390;0
20392;0
20393;0
20395;0
20399;0
20402;0
20408;1
20409;1
20411;0
20413;0
20418;0
20419;0
20420;0
20422;0
20427;0
20436;0
20439;0
20440;0
20442;0
20444;0
20445;0
20448;0
20450;0
20451;0
20454;0
20458;0
20461;0
20463;0
20466;0
20468;0
20472;1
20475;0
20478;0
20481;0
20482;0
20484;0
20486;0
20487;1
20489;0
20492;0
20493;0
20495;0
20497;0
20506;0
20510;0
20514;0
20520;1
20522;1
20530;0
20536;1
20537;0
20541;1
20544;0
20551;0
20557;0
20570;0
20571;0
20587;0
20598;0
20600;0
20615;1
20619;0
20625;0
20629;0
20634;0
20639;0
20642;0
20646;0
20654;1
20656;0
20657;0
20658;0
20673;0
20683;0
20695;0
20698;0
20705;0
20706;1
20714;0
20733;0
20742;0
20745;0
20763;1
20764;1
20775;0
20781;0
20788;0
20791;0
20792;0
20796;0
20800;0
20806;0
20813;0
20817;0
20825;0
20826;0
20835;0
20848;0
20859;0
20860;1
20862;0
20866;0
20869;0
20871;1
20888;0
20889;0
20909;1
20919;0
20921;0
20922;0
20930;0
20937;0
20941;0
20947;0
20958;0
20966;1
20969;0
20975;0
20976;0
20980;0
20982;1
20984;1
20989;0
20990;0
20991;1
20999;1
21018;1
21028;0
21030;0
21035;0
21039;0
21042;1
21043;0
21060;0
21065;0
21069;1
21076;0
21080;0
21082;0
21084;0
21098;0
21104;1
21109;0
21111;1
21117;0
21123;1
21124;0
21136;0
21161;0
21171;0
21181;0
21198;0
21207;0
21215;0
21217;0
21220;0
21231;0
21237;1
21243;0
21246;1
21255;0
21261;0
21263;0
21265;0
21293;0
21304;1
21313;0
21346;0
21347;1
21363;0
21366;0
21367;0
21368;0
21371;0
21372;0
21384;0
21391;0
21394;1
21401;0
21409;0
21417;0
21426;0
21460;0
21462;0
21467;0
21470;0
21475;1
21477;0
21488;0
21492;0
21512;0
21519;1
21528;1
21532;0
21533;0
21548;0
21551;1
21555;0
21566;0
21578;0
21584;0
21585;0
21586;1
21587;0
21600;0
21602;1
21603;0
21610;0
21618;0
21643;0
21653;0
21660;0
21664;1
21674;0
21675;0
21678;0
21686;0
21693;0
21712;0
21732;0
21734;0
21739;0
21744;1
21754;1
21757;0
21759;0
21763;0
21770;0
21774;0
21808;0
21810;0
21815;0
21825;0
21831;0
21834;0
21841;0
21843;1
21844;0
21848;0
21856;0
21861;0
21866;1
21868;0
21871;0
21876;0
21878;0
21906;1
21908;0
21916;0
21917;0
21919;0
21951;0
21962;0
21966;0
21971;0
21972;0
21987;0
21992;0
22001;0
22006;0
22012;0
22031;0
22033;0
22035;0
22043;0
22044;1
22053;0
22056;0
22060;0
22062;0
22068;0
22074;1
22075;0
22077;0
22079;1
22081;0
22088;0
22091;0
22092;0
22093;0
22094;0
22095;0
22096;0
22097;0
22098;0
22099;0
22100;0
22102;0
22103;0
22104;0
22108;0
22110;1
22111;0
22115;0
22120;0
22121;0
22123;0
22126;0
22127;0
22129;0
22130;0
22132;0
22133;0
22134;0
22135;0
22143;0
22147;0
22150;0
22151;0
22152;0
22153;0
22154;0
22156;0
22161;0
22163;0
22165;0
22168;0
22169;0
22170;0
22171;0
22172;0
22178;0
22179;0
22180;0
22182;0
22183;0
22188;0
22189;0
22192;0
22195;0
22200;0
22201;0
22205;1
22207;0
22209;0
22212;1
22215;0
22220;0
22227;0
22232;0
22248;0
22250;0
22259;0
22263;0
22277;0
22291;0
22293;0
22296;0
22297;1
22303;1
22306;0
22307;0
22314;1
22325;0
22328;0
22330;0
22333;1
22334;0
22361;1
22378;1
22384;0
22389;0
22422;1
22423;0
22432;0
22435;0
22441;0
22445;1
22452;1
22457;0
22460;1
22463;0
22464;0
22469;0
22475;0
22478;0
22482;0
22485;0
22495;1
22497;0
22508;0
22510;0
22511;0
22517;0
22521;0
22522;0
22524;0
22527;0
22530;0
22536;0
22541;0
22542;0
22545;0
22547;0
22551;0
22552;0
22565;0
22567;1
22569;0
22571;0
22576;0
22578;1
22585;0
22594;0
22604;1
22609;0
22612;1
22613;0
22617;1
22639;0
22650;0
22652;0
22657;0
22692;0
22712;1
22724;1
22735;0
22742;0
22745;0
22749;0
22752;0
22754;0
22761;0
22766;0
22777;0
22787;0
22790;0
22791;0
22793;0
22800;0
22801;0
22802;0
22803;0
22804;0
22806;0
22812;0
22813;0
22816;0
22818;0
22819;0
22820;0
22824;0
22827;0
22828;0
22831;0
22833;0
22836;0
22839;0
22842;0
22853;1
22857;0
22862;0
22864;0
22871;0
22874;0
22877;0
22890;0
22891;0
22894;1
22895;1
22902;0
22904;0
22906;0
22918;1
22920;0
22922;0
22928;1
22933;0
22935;0
22944;0
22951;1
22968;0
22989;0
22992;0
22994;0
22997;1
23006;0
23014;0
23018;0
23024;0
23029;0
23030;0
23056;0
23073;0
23074;0
23081;0
23086;0
23091;0
23097;0
23124;0
23139;0
23140;0
23146;1
23155;0
23160;0
23161;0
23167;1
23169;0
23190;1
23196;1
23204;0
23214;0
23217;0
23218;0
23225;0
23226;1
23227;0
23229;0
23230;0
23231;1
23232;0
23234;0
23264;0
23268;0
23274;1
23275;0
23285;1
23292;0
23298;0
23315;0
23326;0
23329;0
23330;0
23331;0
23332;0
23340;0
23342;0
23343;0
23354;0
23368;0
23369;0
23407;0
23409;0
23410;0
23415;0
23427;0
23433;0
23434;0
23441;1
23455;0
23456;0
23459;0
23461;1
23465;0
23477;0
23480;0
23496;0
23498;0
23501;0
23520;0
23524;1
23531;0
23535;0
23536;1
23545;0
23547;0
23548;0
23549;0
23552;0
23555;0
23558;0
23560;0
23562;1
23566;0
23569;0
23576;0
23577;0
23589;0
23593;0
23598;0
23599;0
23602;0
23609;0
23614;0
23618;0
23619;0
23622;0
23626;0
23627;0
23637;1
23641;0
23645;1
23646;0
23653;0
23654;0
23658;0
23660;0
23677;0
23678;0
23679;0
23686;0
23698;0
23706;1
23708;0
23716;0
23722;0
23725;1
23726;0
23728;0
23751;0
23773;0
23778;0
23779;0
23781;0
23782;0
23783;0
23784;0
23787;0
23788;0
23789;0
23791;0
23798;0
23801;0
23803;0
23806;0
23810;0
23811;0
23814;0
23817;0
23818;0
23835;0
23843;0
23845;0
23851;0
23861;1
23863;0
23864;0
23882;0
23904;0
23914;0
23921;0
23926;0
23938;0
23945;0
23947;0
23948;0
23950;0
23956;0
23960;0
23965;0
23973;0
23974;1
23978;0
23993;0
23999;0
24001;0
24002;0
24003;0
24005;0
24017;0
24036;0
24043;0
24044;0
24053;0
24055;0
24070;0
24084;0
24093;0
24107;0
24110;0
24111;0
24116;0
24117;1
24118;0
24125;0
24126;0
24128;0
24132;1
24142;0
24143;0
24146;0
24152;0
24159;0
24161;0
24168;0
24170;0
24172;0
24173;0
24177;0
24180;0
24182;0
24188;0
24194;0
24206;0
24220;0
24223;0
24238;0
24248;0
24254;1
24255;1
24257;0
24262;0
24293;0
24301;0
24314;0
24315;0
24321;0
24322;0
24327;0
24339;0
24343;1
24347;0
24351;0
24357;0
24380;1
24390;0
24395;0
24399;0
24400;0
24401;0
24405;0
24414;1
24418;0
24422;0
24424;0
24428;1
24431;0
24444;0
24445;0
24446;0
24456;1
24460;0
24471;1
24484;1
24485;1
24498;0
24516;1
24517;0
24519;0
24527;0
24553;1
24559;0
24562;0
24583;0
24593;0
24605;1
24606;0
24620;0
24627;0
24640;0
24643;0
24651;1
24652;0
24654;0
24665;0
24669;0
24688;0
24690;0
24692;0
24693;0
24703;1
24708;1
24710;1
24717;0
24724;1
24744;0
24745;0
24753;0
24755;0
24768;0
24774;0
24792;0
24795;0
24796;1
24799;0
24818;0
24828;0
24837;0
24839;1
24876;0
24882;0
24885;1
24888;1
24901;1
24908;1
24931;1
24937;0
24951;1
24968;0
24978;0
24990;1
24998;0
25010;0
25022;0
25036;0
25042;0
25050;1
25055;0
25060;0
25062;0
25064;0
25070;0
25075;1
25076;1
25078;1
25085;0
25088;0
25090;1
25091;0
25092;0
25096;1
25098;0
25104;0
25105;0
25106;0
25109;0
25119;0
25127;0
25132;0
25133;1
25142;0
25148;0
25232;0
25235;0
25236;1
25245;0
25259;0
25268;0
25279;0
25289;0
25290;0
25297;1
25299;1
25301;0
25305;0
25312;0
25317;0
25335;0
25336;0
25338;0
25341;0
25347;0
25368;0
25373;0
25389;0
25393;0
25399;0
25401;0
25408;0
25417;0
25423;1
25425;1
25428;1
25447;0
25453;1
25475;0
25484;0
25498;0
25507;0
25510;1
25514;1
25516;0
25517;0
25530;0
25552;0
25570;0
25571;0
25575;1
25580;1
25582;0
25598;0
25605;1
25606;1
25617;1
25619;1
25626;0
25631;1
25639;0
25646;0
25650;0
25653;0
25655;0
25657;1
25663;0
25664;0
25696;1
25708;0
25734;1
25736;0
25740;0
25752;0
25761;0
25770;0
25772;0
25780;1
25789;0
25790;1
25793;0
25797;0
25799;1
25800;0
25805;0
25806;0
25807;1
25810;1
25825;0
25832;0
25865;0
25869;1
25880;0
25885;1
25890;1
25892;0
25897;1
25898;0
25902;0
25912;0
25924;1
25926;0
25932;1
25944;0
25955;0
25960;1
25963;1
25966;0
25982;0
25986;1
25989;0
25992;0
25995;1
25999;0
26003;0
26007;0
26009;0
26011;0
26016;0
26017;0
26045;0
26054;0
26059;1
26085;0
26110;1
26113;0
26115;1
26120;0
26124;0
26135;0
26138;0
26142;0
26144;0
26149;0
26153;0
26154;0
26159;0
26162;1
26168;0
26189;0
26192;0
26193;0
26197;0
26208;0
26211;0
26225;0
26236;0
26239;1
26262;0
26263;0
26265;1
26266;1
26269;1
26279;0
26290;0
26293;0
26297;0
26300;0
26311;0
26316;0
26317;0
26322;1
26323;0
26326;0
26344;0
26359;0
26373;0
26377;0
26379;0
26395;0
26402;0
26407;0
26440;0
26446;0
26449;0
26450;0
26452;0
26458;1
26467;1
26481;0
26491;0
26493;0
26497;0
26501;0
26503;0
26504;0
26508;0
26516;1
26528;1
26531;0
26539;1
26541;0
26549;1
26554;0
26557;0
26561;0
26573;0
26582;0
26583;0
26585;0
26589;0
26598;0
26601;1
26604;0
26608;0
26609;0
26610;0
26616;0
26618;0
26620;0
26628;0
26632;0
26640;0
26643;0
26648;0
26654;0
26659;0
26664;0
26665;0
26668;0
26671;0
26672;0
26673;0
26675;0
26677;0
26678;1
26679;0
26700;0
26702;0
26715;1
26742;1
26744;0
26749;0
26754;0
26755;0
26764;1
26765;0
26766;0
26767;0
26778;1
26781;0
26783;0
26791;0
26792;0
26799;0
26806;0
26809;0
26813;0
26816;0
26820;1
26823;0
26830;0
26840;0
26845;1
26852;0
26870;1
26879;0
26893;0
26896;0
26897;0
26898;1
26909;0
26914;1
26916;0
26941;0
26944;1
26959;1
26960;0
26962;0
26970;0
26973;0
26977;1
26984;1
26992;0
26994;0
26995;0
27007;0
27021;0
27025;0
27029;0
27032;0
27033;0
27034;0
27040;0
27050;0
27053;0
27075;0
27083;1
27086;0
27089;0
27091;0
27093;0
27097;0
27104;0
27114;0
27116;0
27121;0
27132;1
27134;0
27135;0
27138;0
27145;0
27151;1
27155;1
27183;0
27218;0
27233;1
27247;0
27269;1
27272;0
27274;1
27276;1
27282;0
27286;0
27293;1
27297;0
27310;1
27326;0
27327;1
27328;0
27336;0
27341;0
27344;0
27346;0
27360;0
27361;1
27364;0
27365;1
27366;0
27404;0
27409;0
27425;0
27429;0
27442;0
27444;0
27450;0
27464;0
27467;1
27469;0
27471;1
27476;0
27485;0
27497;0
27517;1
27524;1
27527;0
27530;0
27552;0
27555;0
27559;0
27562;0
27569;0
27574;0
27577;1
27580;0
27597;0
27604;0
27609;0
27616;0
27618;0
27629;0
27638;1
27653;1
27662;1
27665;0
27680;0
27715;0
27721;1
27722;0
27723;0
27725;1
27744;0
27777;0
27789;0
27798;0
27803;0
27804;1
27808;0
27809;0
27810;1
27815;0
27819;0
27821;0
27824;0
27832;1
27838;0
27844;0
27857;0
27860;0
27867;0
27871;0
27875;1
27877;0
27879;1
27882;0
27887;0
27893;0
27894;0
27896;1
27897;0
27898;1
27903;0
27913;0
27915;0
27935;0
27943;0
27957;0
27963;0
27977;0
27979;1
27989;0
28002;0
28011;0
28014;1
28026;0
28038;0
28040;0
28041;1
28044;0
28052;0
28057;0
28059;1
28060;1
28072;0
28074;0
28076;1
28081;0
28084;0
28110;0
28119;1
28123;0
28124;0
28161;0
28173;1
28177;1
28204;1
28211;0
28213;0
28216;0
28226;0
28228;0
28229;0
28237;0
28241;1
28261;0
28265;0
28267;0
28270;0
28272;0
28277;1
28284;0
28296;0
28298;0
28303;0
28304;0
28306;0
28313;0
28316;1
28317;0
28320;0
28322;1
28323;0
28326;0
28327;0
28330;0
28331;0
28332;0
28333;0
28338;0
28341;0
28348;0
28349;0
28354;0
28355;0
28366;0
28368;0
28380;0
28384;0
28385;0
28386;0
28395;1
28396;0
28404;0
28407;0
28408;1
28410;0
28415;0
28417;0
28420;0
28425;0
28428;0
28436;1
28437;0
28439;0
28450;0
28453;1
28455;0
28457;0
28460;0
28465;0
28468;0
28470;0
28479;0
28480;0
28483;0
28485;0
28492;0
28500;0
28505;0
28509;0
28513;0
28518;0
28530;0
28531;0
28532;0
28533;0
28535;0
28538;0
28540;0
28543;0
28549;0
28550;0
28551;0
28559;0
28560;0
28561;0
28566;0
28567;0
28578;1
28582;0
28583;0
28588;1
28590;0
28601;0
28609;0
28616;0
28640;1
28642;1
28643;1
28645;0
28646;1
28656;0
28677;0
28694;0
28695;0
28700;0
28702;0
28705;0
28706;0
28722;0
28730;0
28731;1
28747;1
28758;0
28764;0
28776;1
28788;0
28797;0
28798;0
28799;1
28804;0
28805;0
28808;1
28811;0
28816;0
28818;1
28822;0
28826;0
28829;0
28836;0
28844;0
28858;0
28880;0
28883;0
28903;0
28909;0
28926;0
28927;0
28929;0
28931;0
28948;0
28952;0
28954;1
28957;0
28963;0
28970;0
28975;0
28993;1
29006;1
29020;0
29022;0
29023;0
29024;0
29028;0
29033;0
29036;0
29038;1
29042;0
29056;0
29057;0
29061;0
29062;0
29067;0
29070;0
29075;0
29078;0
29080;1
29094;0
29095;0
29110;0
29143;0
29175;0
29176;0
29194;0
29195;0
29213;0
29218;1
29219;0
29236;1
29237;0
29242;0
29267;1
29270;1
29279;0
29287;0
29294;1
29337;0
29341;0
29346;0
29350;1
29360;0
29368;1
29387;0
29391;1
29395;0
29402;1
29411;0
29429;0
29436;0
29437;0
29453;0
29459;0
29463;0
29464;1
29475;0
29481;1
29491;0
29493;0
29494;0
29497;1
29499;0
29514;0
29524;1
29532;0
29547;0
29550;1
29553;0
29558;0
29560;0
29570;0
29578;0
29581;0
29582;1
29588;0
29598;0
29602;1
29614;0
29627;0
29630;0
29646;1
29651;0
29663;1
29664;0
29671;0
29677;0
29681;1
29688;0
29690;0
29695;0
29700;1
29735;0
29740;0
29742;0
29767;0
29768;0
29769;0
29777;1
29780;0
29782;0
29789;1
29790;0
29800;1
29803;0
29807;0
29810;0
29814;0
29817;0
29824;0
29850;0
29853;0
29861;1
29872;0
29879;0
29882;1
29886;0
29895;0
29896;0
29900;1
29904;0
29905;0
29909;0
29911;0
29916;1
29917;0
29929;0
29931;0
29939;0
29942;0
29955;0
29956;0
29957;0
29959;0
29968;0
29970;0
29973;0
29974;0
29984;0
29986;0
29990;0
29994;0
29997;0
29998;0
30002;0
30005;0
30007;0
30009;0
30017;0
30022;0
30028;0
30029;0
30031;0
30034;0
30037;0
30042;0
30049;0
30052;0
30053;0
30055;0
30058;0
30062;0
30071;0
30072;0
30073;0
30092;0
30115;0
30124;0
30153;0
30163;0
30166;0
30179;0
30182;0
30214;0
30219;0
30225;0
30234;0
30237;0
30252;0
30257;0
30284;0
30286;0
30288;0
30297;0
30317;0
30321;0
30331;0
30349;0
30350;0
30351;0
30358;0
30361;0
30368;0
30375;1
30378;0
30380;0
30389;0
30399;0
30411;0
30454;0
30464;0
30497;0
30509;1
30513;0
30515;0
30524;1
30530;0
30532;0
30548;0
30554;0
30563;0
30578;1
30580;0
30590;0
30591;0
30592;0
30594;0
30603;0
30609;0
30612;0
30632;0
30633;0
30635;0
30636;0
30692;1
30695;0
30709;0
30736;0
30774;0
30775;0
30796;0
30797;0
30807;0
30810;0
30812;0
30834;0
30839;0
30840;0
30865;0
30868;0
30874;0
30891;0
30906;0
30917;0
30927;0
30965;0
30975;0
30979;0
30992;0
31014;0
31015;0
31016;0
31021;0
31025;0
31028;0
31031;0
31035;0
31036;0
31038;0
31039;0
31041;1
31042;0
31074;0
31089;0
31091;0
31094;0
31095;1
31097;0
31118;0
31121;0
31123;0
31124;0
31125;0
31131;0
31141;0
31142;0
31150;1
31155;0
31156;0
31164;0
31205;0
31211;0
31213;1
31217;0
31225;0
31229;1
31235;0
31236;0
31243;0
31245;0
31251;0
31274;0
31275;0
31276;0
31277;0
31278;0
31280;0
31284;0
31294;1
31296;0
31300;0
31307;0
31309;0
31310;0
31311;1
31318;1
31319;0
31321;0
31325;0
31327;0
31339;0
31351;0
31375;0
31380;0
31382;0
31412;0
31422;1
31449;0
31451;0
31452;1
31465;0
31466;0
31467;0
31469;0
31471;0
31472;0
31474;0
31496;0
31500;0
31501;0
31502;0
31512;0
31513;0
31514;0
31520;0
31524;0
31525;0
31528;0
31529;0
31531;0
31532;0
31533;0
31535;0
31536;0
31538;0
31544;0
31545;0
31546;0
31548;0
31549;0
31551;0
31554;0
31555;0
31559;0
31567;0
31572;0
31587;0
31595;0
31602;0
31627;0
31634;0
31636;0
31640;0
31646;0
31652;0
31657;0
31662;0
31667;0
31668;0
31683;0
31699;0
31704;0
31732;0
31735;0
31747;0
31748;0
31753;1
31754;0
31763;0
31764;0
31768;0
31769;0
31770;0
31783;0
31785;0
31786;0
31807;0
31815;0
31820;0
31823;0
31824;0
31836;0
31863;0
31897;0
31909;0
31920;0
31928;0
31939;0
31943;1
31949;0
31951;1
31952;1
31962;0
31966;0
31975;0
31976;0
31977;0
31978;0
31985;0
31990;0
31994;0
32000;0
32002;0
32003;0
32005;0
32010;0
32014;0
32015;0
32016;0
32019;0
32022;0
32041;0
32046;0
32055;0
32056;0
32061;0
32063;0
32073;0
32079;0
32094;0
32110;0
32134;0
32139;0
32150;0
32151;0
32176;1
32179;1
32186;1
32216;0
32220;0
32228;1
32256;0
32257;0
32258;0
32277;0
32279;0
32289;0
32309;1
32315;0
32329;0
32350;0
32358;1
32359;1
32360;0
32390;1
32391;0
32393;0
32401;0
32409;1
32415;0
32416;0
32418;0
32420;0
32433;0
32435;0
32442;0
32445;0
32447;0
32448;0
32449;0
32454;0
32458;0
32483;0
32484;0
32488;0
32489;0
32499;0
32504;0
32513;0
32516;0
32517;1
32518;1
32520;1
32525;0
32528;0
32529;0
32530;0
32536;0
32564;0
32568;0
32582;0
32591;1
32596;0
32631;0
32649;0
32652;0
32665;0
32669;0
32671;0
32682;0
32693;0
32696;0
32708;0
32712;0
32757;0
32762;0
32769;1
32771;0
32773;0
32776;0
32785;0
32794;0
32810;0
32824;0
32826;0
32848;0
32852;0
32854;1
32859;1
32876;0
32881;0
32882;0
32883;1
32924;1
32929;0
32932;0
32933;0
32937;0
32940;0
32941;0
32949;0
32950;0
32953;0
32954;0
32958;0
32967;0
32969;0
32971;0
32975;0
32980;0
32981;0
32986;0
32993;0
33014;0
33021;0
33023;0
33026;0
33028;0
33034;0
33047;0
33070;0
33073;0
33089;1
33091;0
33096;0
33102;0
33105;0
33115;0
33118;0
33134;0
33136;0
33139;0
33164;1
33179;0
33181;0
33185;0
33189;0
33195;0
33199;0
33201;0
33214;0
33215;0
33223;0
33233;1
33237;0
33241;0
33248;0
33249;1
33252;0
33257;1
33269;0
33270;0
33271;0
33272;0
33275;0
33290;0
33292;0
33296;0
33307;0
33324;0
33335;0
33339;0
33340;0
33344;0
33348;0
33350;0
33354;0
33360;0
33364;0
33366;0
33369;0
33371;0
33372;0
33384;1
33386;1
33388;1
33390;0
33391;0
33396;0
33398;0
33399;0
33402;0
33403;0
33404;0
33405;0
33408;0
33409;0
33410;0
33411;0
33413;0
33414;0
33415;0
33417;0
33418;0
33419;0
33420;0
33422;0
33424;0
33425;0
33428;0
33432;0
33439;0
33440;0
33460;0
33463;0
33468;0
33480;0
33484;0
33488;1
33489;1
33492;0
33495;0
33497;0
33498;1
33517;0
33518;0
33519;0
33521;0
33528;0
33529;0
33540;0
33545;0
33548;0
33557;0
33559;1
33560;0
33563;0
33570;0
33574;0
33577;0
33578;0
33581;0
33584;0
33588;0
33593;1
33596;0
33604;1
33605;0
33616;0
33628;0
33633;0
33636;0
33637;0
33639;0
33641;0
33643;0
33644;0
33645;0
33648;0
33649;0
33651;0
33655;0
33658;0
33660;0
33662;1
33664;0
33676;0
33681;0
33687;0
33688;0
33689;0
33710;0
33731;0
33737;0
33741;0
33742;0
33744;0
33745;0
33746;0
33749;0
33750;0
33752;0
33754;0
33756;0
33757;0
33758;0
33759;0
33761;0
33762;0
33763;0
33767;0
33770;0
33771;0
33773;0
33776;0
33782;0
33784;0
33787;0
33788;0
33789;0
33791;0
33792;0
33794;0
33797;0
33799;0
33801;0
33802;0
33803;0
33807;0
33808;0
33810;0
33811;0
33812;1
33815;0
33819;0
33820;0
33821;0
33825;0
33826;0
33827;0
33828;0
33830;0
33832;0
33833;0
33837;0
33840;0
33844;0
33845;0
33846;0
33847;0
33849;0
33850;0
33851;0
33853;0
33854;0
33855;0
33856;0
33858;0
33885;1
33889;0
33892;0
33897;1
33898;0
33899;1
33910;0
33913;0
33919;1
33920;0
33924;0
33926;0
33931;0
33932;0
33936;0
33939;0
33943;0
33971;0
33983;0
33985;0
33988;0
33989;0
33992;0
33995;0
33996;0
33997;0
34007;0
34009;0
34018;0
34024;0
34039;0
34044;1
34045;0
34049;0
34057;1
34063;0
34064;0
34066;0
34071;0
34073;0
34079;0
34080;0
34084;0
34100;1
34104;0
34109;0
34116;0
34117;0
34125;0
34128;0
34130;0
34134;0
34136;0
34145;0
34171;0
34178;1
34180;0
34181;0
34184;0
34189;0
34190;0
34191;0
34193;0
34196;0
34198;0
34199;0
34204;0
34217;0
34220;0
34221;0
34225;0
34234;0
34239;0
34255;0
34256;0
34257;0
34258;0
34283;0
34285;0
34291;0
34300;0
34304;0
34308;0
34320;0
34333;0
34338;0
34350;0
34357;1
34361;0
34386;0
34387;0
34390;0
34394;0
34395;0
34400;0
34402;0
34405;0
34409;0
34412;0
34413;0
34415;0
34419;0
34420;0
34422;0
34425;0
34432;0
34441;0
34449;0
34453;0
34459;0
34466;0
34467;0
34472;0
34474;0
34485;0
34505;0
34506;0
34509;0
34510;0
34511;0
34517;0
34523;0
34537;0
34538;0
34544;0
34549;0
34550;0
34551;0
34553;0
34556;0
34558;0
34559;0
34565;0
34567;0
34577;0
34579;0
34596;0
34597;0
34602;0
34610;0
34612;0
34617;0
34640;0
34645;0
34646;0
34648;0
34658;0
34660;0
34671;0
34674;0
34678;0
34681;0
34688;0
34689;0
34690;0
34697;0
34700;0
34701;0
34710;0
34711;0
34712;0
34713;0
34717;0
34721;0
34723;1
34724;0
34725;1
34726;1
34727;0
34728;0
34729;0
34731;0
34732;0
34733;0
34734;0
34735;0
34737;0
34738;0
34739;0
34740;0
34741;0
34742;0
34745;0
34746;0
34750;0
34755;0
34760;0
34761;0
34762;0
34763;0
34764;0
34765;0
34767;0
34768;0
34769;0
34770;1
34773;0
34775;0
34782;0
34784;0
34787;0
34789;0
34793;0
34795;0
34796;0
34797;0
34798;0
34799;0
34800;0
34801;0
34802;0
34803;0
34806;0
34807;0
34810;0
34812;0
34816;0
34818;0
34819;0
34821;0
34822;0
34823;0
34824;0
34826;0
34827;0
34828;0
34829;0
34830;0
34831;0
34832;0
34833;0
34834;0
34836;0
34838;0
34839;1
34840;0
34842;0
34843;0
34845;0
34854;0
34858;0
34862;0
34865;0
34871;0
34876;0
34879;0
34881;0
34886;0
34896;0
34898;0
34901;0
34916;0
34921;0
34925;0
34952;0
34954;0
34963;0
34964;0
34968;0
34969;0
34970;0
34980;0
34984;0
34993;0
34997;0
34999;0
35001;0
35002;0
35007;0
35013;0
35015;0
35025;0
35026;0
35027;0
35029;0
35032;0
35040;1
35042;0
35044;0
35051;0
35054;0
35058;0
35061;0
35062;0
35065;0
35069;0
35074;0
35076;0
35077;0
35080;0
35081;0
35083;0
35084;0
35086;0
35088;0
35089;0
35090;0
35092;0
35093;0
35095;0
35098;0
35099;0
35100;0
35102;0
35104;0
35107;0
35110;0
35112;0
35114;0
35115;0
35116;0
35117;0
35118;0
35119;0
35121;0
35124;0
35125;0
35126;0
35127;0
35129;0
35130;0
35131;0
35135;0
35136;0
35139;0
35141;0
35142;0
35144;0
35149;0
35153;0
35156;0
35157;0
35159;0
35163;0
35164;0
35165;0
35168;0
35171;0
35173;0
35175;0
35183;0
35186;0
35189;0
35193;0
35196;0
35199;1
35202;0
35203;0
35205;0
35207;0
35208;1
35210;0
35211;0
35212;0
35213;0
35214;0
35215;0
35217;0
35219;0
35220;0
35222;0
35223;0
35224;0
35225;0
35227;1
35231;0
35237;0
35247;0
35251;0
35259;0
35260;0
35263;0
35273;0
35277;0
35282;0
35285;0
35287;0
35297;0
35310;0
35315;0
35319;0
35331;0
35332;0
35333;0
35338;0
35339;0
35358;0
35359;0
35363;0
35368;0
35369;0
35370;0
35383;0
35390;1
35395;0
35407;0
35415;0
35419;0
35421;0
35426;1
35429;1
35431;0
35442;0
35444;0
35445;0
35447;0
35467;0
35468;0
35476;0
35480;0
35484;0
35486;0
35487;0
35491;0
35492;1
35501;1
35502;0
35504;0
35506;0
35507;0
35508;0
35514;0
35516;0
35517;0
35520;1
35521;0
35528;0
35549;0
35550;1
35559;0
35562;0
35567;0
35581;0
35582;0
35586;1
35587;0
35593;0
35600;0
35602;0
35603;0
35612;0
35618;0
35624;0
35628;0
35636;1
35638;0
35645;0
35648;0
35655;0
35658;0
35661;0
35680;0
35686;0
35689;0
35690;0
35692;0
35696;0
35701;0
35711;0
35715;0
35718;0
35721;0
35727;0
35733;0
35735;0
35743;0
35745;0
35749;0
35750;0
35757;0
35786;0
35791;0
35807;0
35810;0
35812;0
35817;0
35818;0
35821;0
35822;0
35823;0
35825;0
35831;0
35833;0
35843;0
35844;0
35849;0
35856;0
35872;0
35893;0
35900;0
35915;1
35917;0
35929;0
35933;1
35944;1
35956;0
35976;0
35985;0
35987;1
35991;0
36002;0
36017;0
36024;0
36025;0
36030;1
36041;0
36042;0
36049;0
36054;0
36057;0
36060;0
36070;0
36071;0
36072;0
36084;0
36085;0
36087;0
36090;0
36094;0
36095;0
36097;0
36106;0
36107;0
36119;0
36122;0
36123;0
36125;0
36134;0
36136;0
36141;0
36143;0
36145;0
36147;0
36152;0
36153;0
36158;0
36164;0
36167;0
36170;1
36180;0
36197;0
36200;0
36211;0
36217;0
36223;1
36224;0
36225;1
36229;0
36232;0
36252;0
36258;1
36262;0
36267;0
36268;0
36271;0
36276;0
36285;0
36286;0
36288;0
36289;0
36293;0
36299;0
36300;0
36302;0
36309;0
36311;0
36312;0
36313;0
36318;0
36320;0
36324;0
36332;0
36334;0
36345;0
36350;0
36352;0
36353;0
36363;0
36367;0
36382;0
36383;0
36386;0
36395;0
36402;0
36403;0
36406;0
36407;1
36410;0
36412;0
36418;0
36423;0
36429;0
36434;0
36441;0
36444;0
36445;0
36446;0
36447;0
36458;0
36464;0
36471;0
36474;0
36484;0
36486;0
36489;0
36497;0
36501;0
36502;1
36503;0
36504;0
36505;0
36515;0
36518;0
36521;0
36553;0
36566;0
36592;0
36596;0
36597;0
36598;0
36600;0
36611;0
36612;0
36613;0
36614;0
36615;0
36617;0
36619;0
36623;0
36624;0
36628;0
36629;0
36630;0
36633;0
36634;0
36636;0
36638;0
36641;0
36642;0
36643;0
36644;0
36650;0
36659;0
36661;0
36662;0
36664;0
36666;1
36673;0
36678;0
36687;0
36696;0
36698;0
36700;0
36724;0
36729;0
36733;0
36742;0
36755;0
36760;0
36784;0
36790;0
36791;0
36799;0
36810;0
36813;0
36823;0
36844;0
36848;0
36853;0
36860;0
36897;0
36898;0
36900;0
36901;0
36902;0
36903;0
36904;0
36906;0
36912;0
36925;1
36930;0
36940;0
36972;1
36974;0
36989;0
36994;0
36997;0
36999;0
37010;0
37011;0
37012;0
37021;0
37022;0
37033;0
37036;1
37038;0
37042;0
37044;0
37050;0
37053;0
37056;0
37065;0
37068;0
37079;0
37093;0
37106;0
37115;1
37118;0
37145;0
37149;1
37151;0
37154;0
37171;0
37177;1
37183;0
37190;0
37196;0
37198;0
37200;0
37205;0
37206;0
37207;0
37209;1
37215;0
37216;0
37219;0
37222;0
37225;0
37229;0
37236;0
37239;0
37244;0
37246;0
37255;0
37265;0
37266;0
37294;0
37295;1
37296;1
37297;0
37304;0
37307;0
37324;0
37325;0
37330;0
37341;0
37347;0
37348;0
37359;0
37364;0
37374;0
37400;1
37402;0
37408;0
37413;0
37416;0
37427;0
37435;0
37454;1
37467;1
37472;0
37479;0
37505;0
37517;0
37519;0
37521;0
37524;0
37527;0
37528;0
37535;0
37536;0
37541;0
37542;0
37543;0
37548;0
37569;1
37572;0
37576;0
37577;0
37579;0
37580;0
37581;0
37582;0
37583;0
37584;1
37587;0
37589;0
37592;0
37594;0
37595;0
37596;0
37600;0
37601;0
37602;0
37603;0
37605;0
37607;0
37623;0
37631;0
37632;0
37634;0
37636;0
37641;0
37645;0
37648;0
37655;0
37671;1
37672;0
37673;0
37681;0
37686;0
37689;0
37692;0
37697;0
37700;0
37710;1
37712;0
37731;0
37733;0
37735;0
37736;0
37739;0
37746;0
37748;0
37757;0
37759;0
37763;0
37770;0
37772;0
37774;0
37789;0
37799;1
37800;0
37801;0
37811;0
37812;0
37835;1
37836;0
37842;0
37848;0
37860;0
37862;0
37868;0
37870;0
37878;0
37879;0
37882;0
37886;0
37888;0
37890;0
37892;0
37893;0
37894;0
37897;0
37898;0
37908;0
37921;0
37922;0
37923;0
37928;0
37944;0
37948;0
37949;0
37955;1
37965;0
37969;0
37971;0
37981;0
37983;0
37998;0
38002;0
38003;0
38005;0
38007;0
38013;0
38017;0
38018;0
38024;0
38025;0
38027;0
38039;0
38046;1
38058;0
38059;0
38065;0
38067;0
38071;0
38104;0
38119;0
38122;0
38128;0
38149;1
38157;0
38158;0
38192;0
38216;0
38220;0
38226;0
38242;0
38254;0
38263;1
38264;0
38279;0
38280;0
38282;0
38299;0
38308;1
38312;0
38315;0
38318;0
38319;0
38323;0
38325;0
38340;1
38345;0
38347;0
38353;0
38366;0
38376;0
38395;0
38397;0
38399;0
38414;0
38417;0
38420;0
38421;0
38423;0
38424;0
38427;0
38428;0
38431;0
38433;0
38440;0
38441;0
38446;0
38447;0
38448;0
38451;0
38457;0
38459;0
38462;0
38464;0
38465;0
38466;0
38467;0
38468;0
38471;0
38473;0
38474;0
38484;0
38485;0
38487;0
38488;0
38493;0
38494;0
38503;0
38504;0
38505;0
38507;0
38525;0
38526;1
38532;1
38581;0
38589;0
38593;0
38601;0
38608;0
38610;0
38613;1
38615;1
38622;0
38629;0
38653;0
38661;0
38665;0
38666;0
38668;0
38673;0
38693;0
38704;0
38709;1
38730;1
38736;0
38742;0
38757;0
38761;0
38768;0
38775;0
38780;0
38784;0
38800;0
38801;1
38805;0
38810;0
38811;1
38816;0
38819;0
38820;0
38821;0
38822;0
38823;0
38824;0
38826;0
38829;0
38831;0
38835;0
38841;0
38844;0
38846;0
38847;0
38859;0
38864;0
38889;0
38896;0
38915;0
38926;0
38934;0
38943;0
38944;0
38948;0
38952;0
38961;0
38967;1
38971;0
38972;0
38978;0
38985;0
38987;0
38990;0
38991;0
38993;0
38996;0
38997;1
38999;0
39001;0
39008;1
39009;0
39015;0
39022;0
39042;0
39056;0
39057;0
39067;0
39076;1
39079;1
39124;0
39128;0
39133;1
39145;0
39152;1
39157;0
39165;0
39166;0
39168;0
39170;0
39171;0
39189;0
39193;0
39195;0
39198;0
39199;0
39201;0
39205;0
39208;0
39211;0
39213;0
39219;0
39229;0
39245;0
39259;0
39266;0
39277;0
39283;0
39296;0
39298;0
39299;0
39300;0
39301;0
39307;0
39317;0
39325;0
39343;0
39350;0
39354;0
39357;0
39358;0
39359;0
39367;0
39371;0
39373;0
39375;0
39377;0
39382;0
39394;0
39397;0
39405;0
39406;0
39407;0
39408;0
39411;0
39418;0
39419;0
39421;1
39422;0
39435;0
39436;0
39441;0
39442;0
39446;0
39447;0
39451;0
39452;0
39453;0
39455;0
39457;0
39469;0
39470;0
39473;0
39477;0
39479;1
39486;0
39508;0
39511;0
39512;0
39513;0
39515;1
39531;0
39532;0
39535;0
39538;0
39539;0
39540;0
39543;0
39545;0
39546;0
39547;0
39549;0
39553;0
39554;0
39556;0
39558;0
39561;0
39563;0
39564;0
39568;0
39569;0
39574;1
39577;0
39580;0
39585;0
39607;0
39624;1
39635;0
39640;1
39646;0
39656;0
39658;0
39659;0
39665;0
39667;1
39677;0
39678;0
39684;0
39685;0
39689;0
39696;0
39699;0
39710;0
39726;1
39734;0
39735;0
39753;0
39755;0
39758;0
39781;0
39790;0
39801;0
39820;1
39823;0
39829;0
39831;0
39833;0
39842;1
39851;0
39852;0
39854;0
39901;0
39906;1
39917;1
39923;0
39933;0
39935;1
39939;1
39944;0
39948;0
39949;1
39950;0
39967;0
39970;0
39989;0
39993;0
40008;0
40011;0
40032;0
40037;1
40046;0
40049;0
40052;0
40054;0
40057;0
40066;0
40072;1
40073;0
40077;0
40082;1
40107;0
40109;0
40143;0
40148;0
40155;0
40158;0
40172;0
40175;0
40186;0
40187;0
40191;0
40199;0
40207;0
40209;1
40212;0
40242;0
40246;0
40263;0
40275;0
40276;0
40281;1
40309;0
40310;0
40328;0
40335;0
40343;0
40346;0
40349;0
40352;0
40360;0
40361;0
40370;0
40378;0
40381;0
40387;0
40415;0
40418;0
40425;0
40431;0
40434;0
40441;0
40451;0
40456;0
40457;0
40463;0
40479;0
40484;0
40495;0
40504;0
40505;0
40508;0
40513;1
40514;0
40517;0
40518;0
40519;0
40520;0
40526;0
40527;0
40540;0
40541;0
40542;0
40553;0
40554;1
40559;0
40560;0
40572;0
40574;1
40577;1
40587;0
40588;0
40609;0
40619;0
40620;0
40622;0
40630;0
40637;0
40639;0
40647;0
40653;1
40656;0
40661;0
40673;0
40675;1
40677;0
40682;0
40683;0
40686;0
40693;0
40707;0
40708;0
40718;0
40720;0
40723;0
40726;1
40727;0
40728;0
40735;0
40740;0
40743;0
40745;1
40751;0
40755;0
40760;0
40765;0
40768;0
40769;0
40770;0
40776;0
40777;0
40780;1
40785;0
40789;0
40803;0
40809;0
40810;0
40851;0
40856;0
40860;0
40867;0
40876;0
40877;1
40882;0
40883;0
40886;0
40935;0
40938;1
40939;0
40947;0
40958;0
40979;1
40987;0
40994;1
40995;0
40998;0
41003;0
41020;0
41021;0
41022;0
41024;0
41028;0
41032;0
41036;0
41037;0
41038;0
41039;0
41040;0
41047;0
41048;0
41049;0
41050;0
41051;0
41052;0
41058;0
41059;0
41060;0
41061;0
41064;0
41065;0
41066;0
41067;0
41069;0
41070;0
41072;0
41073;0
41074;0
41075;0
41076;0
41079;0
41080;0
41082;0
41083;0
41084;0
41085;0
41086;0
41087;0
41088;0
41089;0
41090;0
41091;0
41092;0
41093;0
41094;0
41095;0
41096;0
41097;0
41100;0
41103;0
41104;0
41105;0
41106;0
41108;0
41109;0
41110;0
41111;0
41118;0
41119;0
41120;0
41121;0
41123;0
41124;0
41125;0
41133;0
41134;0
41140;0
41141;0
41142;0
41144;0
41150;0
41151;0
41159;0
41164;0
41171;1
41175;1
41181;0
41182;0
41186;0
41187;0
41190;0
41196;0
41198;0
41209;0
41211;0
41215;0
41218;1
41221;1
41235;0
41249;0
41258;0
41265;0
41272;0
41274;0
41287;0
41294;0
41296;0
41298;0
41320;0
41334;0
41335;0
41336;0
41339;0
41340;0
41348;0
41353;0
41356;0
41358;0
41362;0
41368;0
41370;0
41375;0
41378;0
41380;0
41381;0
41382;0
41384;0
41389;0
41394;0
41400;0
41402;0
41404;0
41406;0
41421;0
41423;0
41426;0
41432;0
41435;0
41439;0
41440;0
41443;0
41448;0
41451;0
41456;0
41459;0
41462;1
41474;0
41475;0
41479;0
41480;0
41487;0
41491;0
41494;0
41496;0
41505;0
41506;0
41513;0
41522;0
41528;0
41532;0
41540;0
41542;0
41552;0
41563;0
41566;0
41570;0
41577;1
41592;0
41593;0
41595;1
41599;0
41605;0
41641;0
41643;0
41655;0
41657;0
41659;0
41667;0
41669;0
41677;0
41679;0
41681;0
41682;0
41683;0
41695;0
41696;0
41697;0
41698;0
41703;0
41705;1
41706;0
41710;0
41763;1
41766;0
41772;0
41781;0
41796;0
41799;1
41800;0
41811;1
41820;0
41823;0
41826;0
41838;0
41861;0
41867;0
41873;0
41874;0
41875;0
41883;0
41892;0
41895;0
41898;0
41899;0
41901;0
41902;0
41904;1
41905;0
41912;0
41913;0
41915;0
41930;0
41939;0
41940;0
41941;1
41948;0
41949;0
41950;0
41951;0
41959;0
41961;0
41963;0
41964;0
41966;0
41967;0
41971;0
41975;0
41987;0
41989;0
41990;0
41996;0
42007;0
42012;0
42013;0
42015;1
42022;0
42029;0
42035;0
42038;0
42048;0
42079;0
42083;0
42091;1
42098;0
42104;0
42110;0
42116;0
42131;0
42140;0
42143;0
42183;0
42185;0
42188;0
42199;0
42205;0
42208;0
42209;0
42210;0
42211;0
42212;0
42213;0
42228;0
42242;0
42243;0
42244;0
42250;0
42251;0
42261;1
42299;0
42313;1
42314;0
42322;0
42336;1
42343;1
42346;0
42347;0
42349;0
42350;0
42351;0
42355;0
42356;0
42371;0
42374;0
42381;0
42384;0
42386;0
42390;0
42391;0
42394;0
42396;0
42402;0
42405;0
42406;0
42410;0
42411;0
42413;0
42416;0
42417;0
42443;0
42451;0
42455;0
42493;0
42500;0
42519;0
42522;0
42525;0
42528;0
42535;0
42544;0
42545;0
42552;1
42555;0
42557;1
42580;0
42584;0
42586;0
42587;0
42597;0
42604;0
42651;0
42654;0
42655;0
42666;0
42673;0
42677;0
42679;0
42685;0
42686;0
42694;0
42698;0
42702;1
42711;1
42727;0
42747;0
42750;0
42753;0
42779;0
42782;0
42783;0
42786;1
42787;0
42793;0
42794;0
42800;0
42802;0
42805;0
42813;0
42817;0
42818;0
42823;0
42834;0
42835;0
42842;0
42843;0
42844;0
42852;0
42862;0
42884;0
42885;0
42895;0
42902;0
42903;1
42934;0
42939;0
42945;0
42947;0
42949;0
42953;0
42965;1
42970;0
42972;0
42974;0
42975;0
42976;0
42990;0
42998;0
43004;0
43017;0
43019;0
43020;0
43036;0
43067;0
43075;1
43091;0
43095;0
43098;0
43116;0
43127;1
43132;0
43150;0
43151;0
43154;0
43158;1
43187;0
43190;1
43192;0
43217;0
43226;0
43227;0
43230;0
43232;0
43238;0
43248;0
43251;1
43259;1
43260;0
43262;0
43264;0
43265;0
43269;0
43271;0
43272;0
43273;0
43276;0
43281;1
43290;0
43308;1
43318;0
43322;0
43326;0
43332;1
43334;0
43336;0
43337;0
43339;0
43347;1
43362;0
43373;0
43374;0
43376;0
43378;0
43381;0
43383;0
43389;0
43390;0
43394;0
43398;0
43401;0
43413;0
43415;0
43430;0
43449;0
43462;0
43495;0
43507;0
43508;0
43518;0
43522;0
43525;0
43532;0
43542;0
43543;1
43549;0
43550;0
43560;0
43561;0
43562;0
43581;0
43583;0
43584;0
43591;0
43592;0
43594;0
43596;0
43600;0
43602;0
43605;0
43606;1
43607;1
43616;0
43620;0
43621;0
43623;0
43628;0
43634;0
43635;0
43636;1
43639;0
43641;0
43643;0
43646;0
43650;0
43654;0
43665;0
43677;1
43678;0
43683;0
43685;1
43691;1
43692;1
43695;1
43696;1
43702;0
43721;0
43724;0
43731;0
43737;0
43741;0
43744;0
43752;0
43758;1
43760;0
43762;0
43763;0
43764;0
43792;0
43798;0
43810;0
43852;0
43855;0
43868;0
43869;0
43870;0
43871;0
43874;1
43882;0
43893;0
43924;0
43937;0
43939;0
43946;0
43948;0
43950;0
43970;1
43972;0
43980;0
43985;0
43996;0
43997;0
44017;0
44035;0
44038;0
44039;1
44044;0
44045;0
44047;0
44051;1
44056;0
44057;0
44069;0
44082;0
44085;0
44086;0
44088;0
44108;0
44116;0
44117;0
44130;1
44136;0
44139;0
44144;1
44145;1
44154;0
44165;0
44167;0
44169;0
44170;0
44171;0
44188;0
44195;0
44198;0
44203;0
44206;0
44210;0
44212;0
44217;0
44224;0
44246;1
44248;0
44252;0
44258;0
44264;1
44268;0
44269;0
44278;0
44282;0
44301;0
44302;1
44304;0
44329;0
44341;0
44355;0
44357;0
44358;0
44363;0
44369;1
44371;0
44373;0
44374;1
44375;0
44379;0
44380;0
44385;0
44388;1
44396;0
44405;1
44416;0
44418;0
44423;0
44434;0
44449;0
44455;0
44459;0
44468;0
44490;0
44493;0
44494;0
44495;0
44505;0
44510;0
44512;0
44514;0
44516;0
44517;0
44519;0
44521;0
44525;0
44526;0
44528;0
44533;0
44535;0
44536;0
44537;0
44538;0
44544;0
44546;0
44547;0
44549;0
44551;0
44552;0
44553;0
44560;0
44569;0
44572;0
44598;0
44607;0
44612;0
44614;0
44615;0
44624;0
44627;0
44628;0
44631;0
44637;0
44640;0
44641;0
44643;0
44645;0
44654;0
44655;0
44661;0
44662;1
44663;0
44664;0
44667;0
44669;0
44674;0
44677;0
44680;0
44681;0
44684;0
44685;0
44687;0
44688;0
44694;0
44695;0
44699;0
44703;0
44707;0
44715;0
44716;0
44718;0
44722;0
44727;0
44729;0
44730;0
44731;0
44733;0
44737;1
44739;0
44742;0
44750;0
44754;0
44759;0
44775;0
44779;0
44784;0
44793;0
44801;0
44803;1
44806;1
44811;0
44826;1
44829;1
44830;0
44836;1
44838;1
44846;0
44848;0
44851;0
44858;1
44860;0
44866;0
44870;0
44874;0
44876;0
44877;0
44886;0
44888;1
44894;0
44899;0
44908;0
44909;0
44915;0
44917;0
44918;1
44924;0
44930;0
44931;0
44933;0
44934;0
44940;0
44941;0
44943;0
44946;1
44947;1
44949;0
44958;0
44961;0
44965;0
44966;0
44968;0
44973;0
44974;0
44975;0
44976;0
44977;0
44978;0
44979;0
44982;0
44984;0
44985;0
44989;0
44991;0
44992;0
44993;0
44994;0
44995;0
44996;0
44998;0
44999;0
45000;0
45002;0
45004;0
45005;0
45006;0
45007;0
45008;0
45009;0
45011;0
45014;0
45015;0
45016;0
45017;0
45020;0
45023;0
45026;0
45029;0
45031;0
45033;0
45034;0
45035;0
45036;0
45037;0
45040;0
45043;0
45044;0
45046;0
45047;0
45049;0
45051;0
45052;0
45055;1
45056;0
45063;0
45064;0
45065;0
45066;0
45069;0
45071;0
45072;0
45074;0
45076;0
45077;0
45078;0
45080;0
45081;0
45082;0
45083;0
45084;0
45085;0
45086;0
45087;0
45088;0
45089;0
45091;0
45092;0
45094;0
45096;0
45098;0
45105;0
45106;0
45107;0
45108;0
45110;0
45116;0
45117;0
45122;1
45130;0
45144;0
45151;0
45154;0
45156;0
45158;0
45159;0
45160;0
45163;0
45167;0
45172;0
45179;0
45182;0
45187;0
45188;0
45193;0
45194;0
45195;0
45197;0
45198;0
45199;0
45200;0
45202;0
45206;0
45207;0
45208;0
45210;0
45211;0
45214;0
45220;0
45223;0
45225;0
45235;0
45242;0
45245;0
45258;0
45263;0
45265;0
45268;0
45286;0
45288;0
45294;1
45296;0
45326;0
45349;0
45354;0
45363;0
45402;0
45409;0
45419;0
45425;0
45446;0
45454;0
45473;0
45479;0
45487;0
45491;1
45492;0
45500;0
45501;0
45504;0
45506;0
45529;0
45538;0
45558;0
45559;1
45563;0
45566;0
45569;0
45588;1
45590;1
45595;0
45602;0
45609;0
45617;0
45619;0
45624;0
45629;0
45642;0
45648;0
45649;0
45650;0
45651;0
45652;0
45653;0
45679;0
45680;0
45686;0
45689;0
45691;0
45692;0
45698;0
45700;0
45706;0
45713;0
45717;0
45719;0
45729;0
45734;0
45740;0
45741;0
45748;0
45754;0
45759;0
45765;0
45789;0
45790;0
45794;0
45795;0
45801;0
45808;0
45809;0
45810;0
45813;0
45814;0
45816;0
45819;0
45824;0
45828;0
45834;0
45838;1
45853;0
45868;0
45874;0
45879;0
45881;0
45882;0
45884;0
45888;0
45889;0
45891;0
45893;0
45895;0
45897;0
45903;0
45904;0
45905;0
45907;0
45908;0
45909;0
45911;1
45925;0
45940;0
45949;0
45950;0
45951;0
45966;0
45974;0
45988;0
46012;1
46020;0
46032;0
46048;0
46049;0
46053;0
46057;0
46063;0
46064;0
46066;0
46075;0
46076;0
46077;0
46084;0
46085;0
46087;0
46089;0
46127;0
46132;0
46133;0
46134;0
46137;1
46143;0
46153;0
46168;0
46187;0
46192;0
46195;0
46196;0
46200;0
46207;0
46208;0
46211;0
46219;0
46226;1
46230;0
46231;0
46232;0
46235;0
46239;0
46240;0
46242;0
46245;0
46247;0
46249;0
46250;0
46255;0
46256;0
46259;0
46261;1
46263;0
46269;0
46272;0
46275;0
46280;0
46288;0
46289;1
46291;0
46295;0
46306;0
46310;0
46313;0
46318;0
46322;0
46323;0
46325;0
46332;0
46333;0
46334;0
46337;0
46339;0
46342;0
46343;0
46344;0
46347;0
46348;0
46349;0
46350;0
46351;0
46352;0
46359;0
46360;0
46361;0
46362;0
46365;0
46368;0
46370;0
46371;0
46372;0
46375;0
46377;0
46380;0
46381;0
46382;0
46394;0
46397;0
46399;0
46401;1
46403;0
46404;1
46407;0
46411;0
46412;1
46416;0
46419;0
46420;0
46423;0
46427;0
46438;0
46439;1
46444;0
46446;1
46452;0
46453;0
46455;0
46458;0
46459;1
46463;0
46465;0
46467;0
46469;1
46471;0
46475;0
46481;0
46483;0
46489;1
46492;0
46521;1
46525;0
46527;0
46529;0
46555;0
46565;0
46568;0
46570;1
46571;1
46574;0
46575;1
46576;0
46578;0
46581;0
46589;0
46596;0
46599;0
46600;0
46601;0
46602;0
46603;0
46605;0
46607;0
46608;0
46609;0
46611;0
46612;0
46613;0
46614;0
46615;0
46616;0
46617;0
46622;0
46625;0
46628;0
46631;0
46633;0
46636;0
46638;0
46639;0
46640;0
46641;0
46642;0
46645;0
46647;0
46649;0
46650;0
46651;0
46652;0
46653;0
46657;0
46658;0
46663;0
46664;0
46665;0
46666;0
46668;0
46671;0
46672;0
46680;0
46681;0
46684;0
46685;0
46687;0
46688;0
46691;0
46692;0
46696;0
46698;0
46700;0
46704;0
46707;0
46708;0
46710;0
46711;0
46713;0
46714;0
46719;0
46720;0
46722;0
46726;0
46729;0
46734;0
46735;0
46736;0
46737;0
46742;0
46751;0
46759;0
46762;0
46782;0
46790;0
46796;0
46803;0
46806;0
46808;1
46822;0
46824;0
46828;0
46833;0
46845;0
46849;0
46850;0
46853;0
46855;0
46857;0
46862;0
46868;0
46869;0
46870;0
46872;0
46874;0
46875;0
46876;0
46877;0
46878;0
46879;0
46882;0
46884;0
46885;0
46886;0
46887;0
46888;0
46889;0
46890;0
46892;0
46895;0
46896;0
46898;1
46900;0
46901;1
46904;0
46905;0
46908;0
46910;0
46913;0
46916;0
46917;0
46918;0
46919;0
46920;0
46922;0
46923;0
46924;0
46927;0
46928;0
46929;0
46930;0
46931;0
46932;0
46933;0
46935;1
46939;0
46958;1
47001;0
47004;0
47007;0
47008;0
47009;0
47010;0
47012;0
47013;0
47014;0
47015;0
47026;0
47030;0
47048;0
47055;0
47056;0
47069;0
47088;0
47090;0
47091;0
47092;0
47095;0
47096;0
47097;0
47098;0
47099;0
47100;0
47103;0
47104;0
47106;0
47107;0
47108;0
47109;0
47110;0
47112;0
47113;0
47114;0
47115;0
47116;0
47118;0
47119;0
47123;0
47124;0
47125;0
47129;0
47130;0
47131;0
47133;0
47134;0
47135;0
47136;0
47148;0
47152;0
47154;0
47156;0
47163;0
47164;0
47165;0
47167;0
47170;0
47172;0
47173;0
47175;0
47179;0
47184;0
47185;0
47186;0
47188;0
47189;0
47190;0
47191;0
47195;0
47197;0
47198;1
47199;0
47203;0
47204;0
47205;0
47207;0
47208;0
47210;0
47212;0
47213;0
47215;0
47217;0
47218;0
47219;0
47220;0
47222;0
47223;0
47228;0
47230;0
47233;0
47234;0
47236;1
47237;0
47238;0
47239;0
47241;0
47243;0
47244;0
47246;0
47247;0
47249;0
47253;0
47254;0
47256;0
47257;0
47258;0
47259;0
47260;0
47261;0
47265;0
47266;0
47267;0
47271;0
47274;0
47278;0
47282;0
47284;0
47286;0
47287;0
47288;0
47290;0
47294;0
47295;0
47297;0
47298;0
47300;0
47302;0
47303;0
47304;0
47305;0
47306;0
47307;0
47308;0
47310;0
47315;0
47318;0
47319;0
47322;0
47323;0
47324;0
47325;0
47329;0
47330;0
47331;0
47332;0
47333;0
47334;0
47335;0
47336;0
47337;0
47338;0
47339;0
47341;0
47344;0
47345;0
47346;0
47347;0
47348;0
47349;0
47352;0
47354;0
47355;0
47357;0
47360;0
47361;0
47362;0
47363;0
47364;0
47365;0
47366;0
47369;0
47372;0
47373;0
47374;0
47375;0
47377;0
47379;0
47380;0
47383;0
47384;0
47385;0
47387;0
47388;0
47389;0
47390;0
47392;0
47393;0
47394;0
47395;0
47396;0
47399;0
47400;0
47401;0
47402;0
47403;0
47404;0
47405;0
47406;0
47407;0
47411;0
47412;0
47413;0
47414;0
47415;0
47418;0
47421;0
47426;0
47429;0
47431;0
47438;0
47452;1
47459;0
47469;0
47470;0
47474;0
47497;0
47501;0
47507;0
47523;0
47542;1
47544;1
47568;0
47572;0
47573;0
47575;0
47578;0
47580;0
47586;0
47597;0
47614;0
47615;0
47623;0
47642;0
47660;0
47666;0
47669;0
47671;0
47678;0
47680;0
47685;0
47694;0
47695;0
47696;0
47698;0
47699;0
47701;0
47703;0
47704;0
47705;0
47706;0
47707;0
47708;0
47709;0
47711;0
47712;0
47717;0
47718;0
47721;0
47724;0
47725;0
47727;0
47729;0
47742;0
47743;0
47754;0
47755;0
47757;0
47764;0
47766;0
47768;0
47769;0
47772;0
47779;0
47780;0
47781;0
47782;0
47783;0
47784;0
47785;0
47792;0
47793;0
47794;0
47797;0
47798;0
47802;0
47803;0
47806;0
47808;0
47812;0
47813;0
47816;0
47819;0
47823;0
47833;0
47837;0
47838;0
47839;0
47841;0
47842;0
47845;0
47848;0
47851;0
47854;0
47863;0
47864;0
47880;0
47884;0
47887;0
47888;0
47889;0
47892;0
47894;0
47898;0
47902;0
47909;0
47914;0
47915;0
47917;0
47918;0
47919;0
47920;0
47922;0
47923;0
47925;0
47926;0
47927;0
47929;0
47930;0
47931;0
47932;0
47933;0
47934;0
47938;0
47939;0
47941;0
47942;0
47943;0
47946;0
47947;0
47950;0
47951;0
47953;0
47954;0
47956;0
47957;0
47958;0
47960;0
47962;0
47964;0
47965;0
47966;0
47968;0
47970;0
47971;0
47975;0
47980;0
47984;0
47988;0
47993;0
47994;0
47996;0
47998;0
48002;0
48004;0
48005;0
48012;0
48016;0
48017;0
48039;0
48045;0
48050;0
48054;0
48056;0
48057;0
48058;0
48061;0
48064;0
48070;0
48076;0
48078;0
48085;0
48092;0
48093;0
48096;0
48099;0
48103;0
48106;0
48107;0
48124;0
48125;0
48126;1
48130;0
48161;0
48166;1
48173;0
48180;0
48192;0
48193;0
48219;0
48226;0
48243;0
48247;0
48253;0
48254;0
48256;0
48265;0
48268;1
48285;0
48290;0
48291;0
48293;0
48294;0
48296;0
48297;0
48299;0
48303;0
48307;0
48309;0
48310;0
48314;0
48316;0
48317;0
48319;0
48323;0
48331;0
48339;0
48345;0
48351;0
48361;0
48365;0
48367;0
48368;0
48371;0
48372;0
48374;0
48375;0
48376;0
48381;0
48386;0
48387;0
48393;0
48398;0
48407;0
48408;0
48421;0
48424;0
48428;0
48429;0
48431;0
48433;0
48434;0
48435;0
48436;0
48437;0
48442;0
48454;0
48457;0
48459;1
48460;0
48461;0
48467;0
48477;0
48478;0
48481;0
48482;0
48485;0
48486;0
48487;0
48489;0
48491;0
48492;0
48495;0
48498;0
48506;0
48513;1
48519;1
48524;1
48543;0
48545;0
48550;0
48551;0
48552;0
48560;0
48561;0
48562;0
48563;0
48566;0
48567;0
48568;0
48571;0
48573;0
48574;0
48575;1
48576;0
48577;0
48579;0
48581;0
48582;0
48583;1
48585;0
48589;0
48590;0
48591;0
48592;0
48593;0
48595;0
48598;0
48601;0
48607;0
48609;0
48622;0
48627;1
48644;0
48648;0
48658;0
48664;0
48670;0
48672;0
48678;0
48681;1
48692;0
48693;0
48694;0
48715;0
48730;0
48743;0
48755;0
48776;1
48782;1
48783;0
48786;0
48787;0
48801;0
48802;0
48808;0
48809;1
48812;1
48815;0
48818;0
48819;0
48824;0
48830;0
48837;0
48841;0
48855;1
48858;0
48864;0
48865;0
48870;0
48871;0
48873;0
48875;0
48877;0
48880;0
48881;0
48882;0
48883;0
48884;0
48885;0
48888;0
48891;0
48893;0
48897;0
48898;0
48899;0
48900;0
48902;0
48903;0
48904;0
48905;0
48906;0
48907;0
48909;0
48910;0
48911;0
48912;0
48913;0
48914;0
48915;0
48916;0
48919;0
48920;0
48921;0
48922;0
48923;0
48924;0
48927;0
48928;0
48929;1
48932;0
48933;0
48934;0
48935;0
48936;0
48938;0
48939;0
48941;0
48943;0
48944;0
48945;0
48946;0
48947;0
48948;0
48949;0
48951;0
48952;0
48953;0
48954;0
48955;0
48956;0
48958;0
48959;1
48965;0
48967;0
48969;0
48970;0
48979;0
48981;0
48982;0
48989;0
48992;0
49015;0
49023;0
49030;0
49035;0
49036;0
49038;0
49039;1
49040;0
49041;0
49043;0
49044;0
49045;0
49046;0
49048;0
49050;0
49051;0
49053;0
49055;0
49057;0
49060;0
49061;0
49063;0
49064;0
49066;0
49067;0
49068;0
49070;0
49072;0
49073;0
49076;1
49091;0
49105;0
49107;0
49112;0
49116;0
49119;0
49120;0
49124;0
49136;0
49137;0
49142;0
49144;0
49146;0
49148;1
49154;1
49158;0
49163;0
49164;0
49174;0
49176;0
49177;0
49183;0
49193;0
49196;0
49197;0
49201;1
49202;0
49206;1
49213;0
49214;0
49216;0
49226;0
49227;1
49230;0
49237;0
49240;0
49241;0
49242;0
49243;0
49244;0
49246;0
49268;0
49272;1
49273;1
49280;0
49282;0
49285;0
49286;0
49288;0
49290;0
49291;0
49293;0
49294;0
49299;0
49300;0
49308;0
49313;0
49314;0
49319;0
49320;0
49323;0
49327;0
49333;0
49334;0
49338;0
49342;0
49345;0
49347;0
49353;0
49358;0
49359;0
49361;0
49362;0
49363;0
49365;0
49366;0
49367;0
49369;0
49371;0
49372;0
49375;0
49376;0
49377;0
49380;0
49384;0
49387;0
49393;0
49394;0
49403;0
49406;0
49409;0
49415;0
49421;0
49432;0
49443;0
49444;0
49445;0
49459;0
49465;0
49474;0
49476;1
49478;0
49479;0
49484;1
49490;1
49494;0
49495;0
49496;0
49498;0
49501;0
49502;0
49503;0
49504;0
49505;0
49506;0
49508;0
49509;0
49510;0
49513;0
49514;0
49516;0
49517;0
49518;0
49520;0
49521;0
49522;0
49523;0
49527;0
49528;0
49530;0
49532;0
49533;0
49534;0
49535;0
49536;0
49540;0
49545;0
49546;0
49547;0
49548;0
49549;0
49575;0
49579;0
49584;0
49585;0
49589;0
49596;0
49598;0
49602;0
49604;0
49606;0
49607;0
49608;0
49610;0
49617;0
49620;0
49621;1
49623;0
49625;0
49629;1
49630;0
49632;0
49633;0
49636;1
49637;1
49638;1
49641;0
49642;0
49645;0
49648;0
49649;0
49652;0
49656;0
49660;0
49661;0
49662;0
49664;0
49665;0
49666;0
49668;0
49669;0
49670;0
49671;0
49672;0
49674;0
49675;0
49678;0
49679;0
49680;0
49682;0
49683;0
49684;0
49685;0
49686;0
49687;0
49688;0
49692;0
49693;0
49694;0
49696;0
49700;0
49704;0
49705;0
49707;0
49708;0
49709;0
49711;0
49712;0
49713;0
49714;0
49715;0
49716;0
49717;0
49718;0
49719;0
49720;0
49721;0
49722;0
49725;0
49726;0
49727;0
49730;0
49732;0
49749;0
49761;0
49763;1
49770;1
49775;0
49778;0
49784;0
49786;0
49793;0
49796;0
49806;0
49807;0
49809;1
49813;0
49820;1
49830;0
49831;0
49832;0
49834;0
49835;0
49836;0
49837;0
49838;0
49839;0
49840;0
49841;0
49843;0
49844;0
49852;1
49853;0
49858;0
49868;0
49869;0
49871;0
49877;0
49879;0
49882;0
49884;0
49885;0
49888;0
49890;0
49891;0
49895;0
49897;0
49898;0
49900;0
49906;0
49909;0
49912;0
49913;1
49915;0
49919;0
49920;0
49921;0
49923;0
49932;0
49933;0
49942;0
49948;0
49952;0
49954;0
49956;0
49959;0
49967;0
49968;0
49969;0
49970;0
49972;0
49975;0
49978;0
49979;0
49981;0
49982;0
49984;0
49988;0
49991;0
49996;0
49999;0
50000;0
50001;0
50004;0
50005;0
50006;0
50008;0
50009;0
50012;0
50016;0
50029;0
50034;1
50049;0
50054;0
50056;0
50057;0
50064;0
50065;0
50079;1
50081;0
50085;0
50087;1
50101;0
50104;0
50110;0
50112;0
50116;0
50117;0
50119;0
50121;0
50123;0
50126;0
50128;0
50129;0
50157;0
50160;0
50163;1
50169;0
50188;0
50194;0
50198;0
50200;0
50207;0
50214;1
50217;0
50219;0
50222;1
50228;1
50232;0
50233;0
50235;0
50238;0
50241;0
50250;0
50255;1
50274;1
50276;1
50277;1
50291;0
50293;0
50302;0
50303;0
50304;0
50307;0
50313;0
50315;0
50317;0
50323;0
50326;0
50331;0
50333;0
50336;0
50340;0
50341;0
50342;0
50362;0
50363;0
50364;0
50365;0
50366;0
50371;0
50372;0
50375;0
50379;0
50386;0
50390;0
50395;0
50415;0
50418;0
50424;0
50425;0
50428;0
50431;0
50447;0
50452;1
50453;0
50456;0
50459;0
50461;0
50463;0
50464;0
50472;0
50475;0
50479;0
50487;0
50489;0
50490;0
50495;0
50502;0
50507;0
50511;0
50513;0
50514;0
50515;0
50516;0
50520;0
50521;0
50522;0
50523;0
50525;0
50527;0
50528;0
50529;0
50530;0
50531;0
50532;0
50533;0
50534;0
50541;0
50546;0
50549;0
50550;0
50552;0
50556;0
50566;0
50567;0
50568;0
50571;0
50573;0
50575;0
50576;0
50580;0
50581;0
50589;0
50591;0
50595;0
50599;0
50606;0
50607;0
50609;0
50620;0
50622;0
50625;0
50626;0
50627;1
50631;0
50647;0
50650;0
50662;0
50670;1
50677;0
50686;0
50691;0
50699;0
50703;0
50705;0
50709;0
50718;0
50720;0
50722;0
50737;1
50738;0
50751;0
50754;0
50755;0
50757;1
50765;0
50776;1
50778;0
50780;0
50784;0
50785;0
50786;1
50788;0
50793;0
50799;0
50803;0
50813;0
50818;0
50821;0
50828;0
50833;0
50835;0
50836;0
50841;0
50848;1
50856;0
50863;0
50865;1
50866;1
50869;0
50870;0
50874;0
50875;0
50877;0
50879;0
50882;0
50899;0
50916;0
50928;0
50930;0
50932;0
50933;0
50934;1
50935;0
50937;0
50938;0
50939;0
50940;0
50942;0
50948;0
50961;0
50969;0
50974;0
50977;0
50978;0
50982;0
50987;0
50990;1
50991;0
51005;0
51007;0
51009;0
51015;0
51019;0
51022;0
51034;0
51038;0
51041;0
51053;1
51059;1
51064;0
51069;0
51071;0
51073;0
51076;0
51083;0
51085;0
51087;0
51090;0
51092;0
51093;0
51094;0
51096;0
51098;0
51099;0
51100;0
51101;0
51102;0
51103;0
51105;0
51106;0
51107;1
51108;0
51109;0
51110;0
51111;0
51112;0
51113;0
51114;0
51115;0
51116;0
51118;1
51119;0
51120;0
51122;0
51125;0
51126;0
51131;0
51132;0
51133;0
51135;0
51138;0
51139;0
51144;0
51148;1
51150;0
51158;0
51161;0
51162;0
51164;0
51165;0
51171;0
51174;0
51175;0
51177;0
51179;0
51180;0
51184;0
51186;0
51192;0
51198;0
51202;0
51206;1
51208;0
51211;1
51213;1
51214;0
51218;0
51220;0
51221;0
51222;0
51225;0
51226;0
51227;0
51228;0
51229;0
51230;0
51237;0
51238;0
51239;0
51241;0
51243;0
51244;0
51248;0
51251;0
51252;0
51254;0
51255;0
51256;0
51258;0
51274;1
51275;0
51277;0
51278;0
51282;0
51287;0
51301;0
51311;1
51315;0
51316;0
51317;0
51320;0
51322;0
51323;0
51324;0
51326;0
51328;0
51330;0
51331;0
51335;0
51338;0
51343;0
51345;0
51346;1
51349;0
51351;0
51352;0
51359;0
51365;0
51385;1
51386;0
51390;0
51405;0
51407;0
51409;0
51421;0
51422;0
51428;0
51434;0
51439;0
51441;1
51443;0
51448;0
51452;0
51454;0
51455;0
51460;0
51461;0
51462;0
51463;0
51464;0
51466;0
51467;0
51468;0
51469;0
51472;0
51473;0
51474;0
51475;0
51476;0
51477;0
51478;0
51479;0
51480;0
51481;0
51483;0
51484;0
51485;0
51487;0
51488;0
51489;0
51490;0
51492;0
51493;0
51494;0
51495;0
51497;0
51498;0
51499;0
51500;0
51501;0
51504;0
51505;0
51506;0
51507;0
51509;0
51511;0
51512;0
51514;0
51516;0
51517;0
51518;0
51520;0
51521;0
51523;0
51524;0
51525;0
51526;0
51527;0
51530;1
51531;0
51532;0
51540;0
51543;0
51556;0
51557;1
51563;0
51564;1
51565;0
51567;0
51568;0
51571;0
51572;1
51577;0
51578;0
51580;0
51582;0
51592;0
51605;0
51614;0
51615;0
51624;0
51629;0
51630;0
51631;0
51632;0
51634;0
51635;0
51637;0
51639;0
51640;0
51643;0
51645;0
51646;0
51647;0
51651;0
51654;0
51655;0
51656;0
51657;0
51658;0
51662;0
51663;0
51664;0
51672;0
51675;0
51676;0
51678;0
51679;0
51682;0
51683;0
51685;0
51686;0
51687;0
51688;0
51692;0
51695;0
51697;0
51698;0
51701;0
51704;0
51706;0
51707;0
51709;0
51710;0
51719;0
51720;0
51721;0
51722;0
51732;0
51744;1
51750;0
51763;1
51770;0
51773;0
51778;0
51779;0
51792;0
51795;0
51798;0
51799;0
51808;0
51812;1
51837;0
51844;0
51855;1
51858;0
51868;0
51870;0
51879;0
51881;0
51888;0
51894;1
51897;0
51902;0
51908;0
51915;0
51918;1
51920;0
51921;0
51924;0
51926;0
51928;0
51930;0
51931;0
51932;0
51933;0
51934;0
51936;0
51938;0
51939;0
51940;0
51941;0
51942;0
51943;0
51945;0
51946;0
51947;0
51948;0
51949;0
51950;0
51951;0
51952;0
51953;0
51954;0
51955;0
51956;0
51958;0
51959;0
51960;0
51961;0
51962;0
51963;0
51966;0
51974;0
51976;0
51977;0
51980;0
51981;0
51982;0
51985;0
51990;0
51995;0
51997;0
51998;0
51999;0
52006;0
52007;0
52009;0
52010;0
52013;0
52014;0
52015;0
52017;0
52022;0
52024;0
52040;0
52042;0
52061;1
52062;0
52063;0
52070;0
52074;0
52075;0
52076;1
52081;0
52082;0
52084;0
52085;0
52086;0
52088;0
52089;0
52092;0
52093;0
52095;0
52096;0
52098;0
52099;1
52103;0
52104;0
52105;0
52108;0
52109;0
52110;0
52112;0
52113;0
52114;0
52115;0
52116;0
52117;1
52118;0
52119;0
52122;0
52125;0
52127;0
52129;0
52130;0
52131;0
52132;0
52133;0
52134;0
52135;0
52136;0
52139;0
52140;0
52142;0
52143;0
52147;0
52152;0
52157;0
52160;0
52164;0
52166;0
52167;0
52170;0
52173;0
52177;0
52184;0
52189;0
52197;0
52199;0
52220;0
52223;0
52226;0
52230;0
52244;0
52250;0
52253;0
52258;0
52264;0
52267;0
52270;0
52273;0
52274;0
52282;0
52288;0
52293;0
52294;0
52303;0
52311;0
52335;0
52338;0
52345;0
52346;0
52351;0
52357;0
52375;0
52377;1
52383;0
52387;0
52392;0
52393;0
52398;0
52402;0
52403;1
52408;0
52421;0
52426;0
52431;0
52434;1
52447;0
52450;0
52451;0
52453;1
52458;1
52459;1
52469;0
52471;0
52478;0
52502;1
52516;0
52518;0
52519;0
52534;1
52537;1
52538;1
52539;0
52543;0
52544;0
52547;0
52548;0
52551;0
52552;0
52560;0
52568;0
52569;0
52572;0
52573;1
52575;0
52576;0
52587;0
52592;0
52593;0
52595;1
52597;0
52600;0
52601;0
52603;0
52604;0
52610;0
52615;1
52619;0
52620;0
52622;0
52634;0
52636;0
52645;0
52657;0
52670;0
52673;1
52678;0
52682;0
52689;0
52693;0
52702;0
52707;1
52719;0
52723;0
52726;0
52728;0
52732;1
52734;0
52736;0
52739;0
52745;0
52746;0
52747;0
52755;0
52756;0
52762;0
52763;0
52773;0
52775;0
52780;0
52781;0
52790;0
52796;0
52798;0
52801;0
52802;0
52806;0
52808;0
52811;0
52812;0
52817;0
52820;0
52821;0
52824;0
52831;0
52839;0
52841;0
52865;0
52879;0
52891;0
52903;0
52908;0
52910;0
52913;0
52917;0
52921;0
52929;0
52931;0
52940;0
52944;1
52946;0
52952;1
52958;1
52970;1
52971;0
52976;0
52981;0
52985;0
52986;0
52989;0
52992;0
52993;1
52996;0
52997;0
53000;1
53005;0
53011;0
53013;0
53017;0
53020;1
53023;0
53034;0
53035;0
53042;0
53048;0
53053;0
53064;0
53065;0
53066;0
53070;0
53139;0
